host,boroughCount,boroughs
28820321,22,"Havering, Hounslow, Richmond_upon_Thames, Waltham_Forest, Merton, Barnet, Greenwich, Ealing, Newham, Haringey, Lewisham, Brent, Hammersmith_and_Fulham, Wandsworth, Lambeth, Southwark, Islington, Kensington_and_Chelsea, Camden, Hackney, Tower_Hamlets, Westminster"
33889201,22,"City_of_London, Kingston_upon_Thames, Hounslow, Richmond_upon_Thames, Merton, Barnet, Greenwich, Ealing, Newham, Haringey, Lewisham, Brent, Hammersmith_and_Fulham, Wandsworth, Lambeth, Southwark, Islington, Kensington_and_Chelsea, Camden, Hackney, Tower_Hamlets, Westminster"
137094377,21,"City_of_London, Kingston_upon_Thames, Hounslow, Croydon, Richmond_upon_Thames, Merton, Barnet, Ealing, Haringey, Lewisham, Brent, Hammersmith_and_Fulham, Wandsworth, Lambeth, Southwark, Islington, Kensington_and_Chelsea, Camden, Hackney, Tower_Hamlets, Westminster"
2125620,17,"City_of_London, Hounslow, Richmond_upon_Thames, Merton, Greenwich, Ealing, Haringey, Brent, Hammersmith_and_Fulham, Wandsworth, Lambeth, Southwark, Islington, Kensington_and_Chelsea, Camden, Tower_Hamlets, Westminster"
105564995,15,"City_of_London, Richmond_upon_Thames, Merton, Ealing, Brent, Hammersmith_and_Fulham, Wandsworth, Lambeth, Southwark, Islington, Kensington_and_Chelsea, Camden, Hackney, Tower_Hamlets, Westminster"
156158778,15,"City_of_London, Richmond_upon_Thames, Ealing, Haringey, Brent, Hammersmith_and_Fulham, Wandsworth, Lambeth, Southwark, Islington, Kensington_and_Chelsea, Camden, Hackney, Tower_Hamlets, Westminster"
188461840,14,"Merton, Greenwich, Newham, Brent, Hammersmith_and_Fulham, Wandsworth, Lambeth, Southwark, Islington, Kensington_and_Chelsea, Camden, Hackney, Tower_Hamlets, Westminster"
21867370,13,"City_of_London, Hillingdon, Merton, Barnet, Newham, Haringey, Brent, Lambeth, Southwark, Islington, Camden, Hackney, Westminster"
161695688,13,"City_of_London, Greenwich, Newham, Brent, Hammersmith_and_Fulham, Wandsworth, Lambeth, Southwark, Islington, Kensington_and_Chelsea, Camden, Tower_Hamlets, Westminster"
203207522,13,"City_of_London, Haringey, Lewisham, Brent, Hammersmith_and_Fulham, Lambeth, Southwark, Islington, Kensington_and_Chelsea, Camden, Hackney, Tower_Hamlets, Westminster"
133522076,13,"City_of_London, Merton, Barnet, Ealing, Haringey, Lewisham, Brent, Hammersmith_and_Fulham, Wandsworth, Islington, Kensington_and_Chelsea, Camden, Tower_Hamlets"
14875410,13,"Kingston_upon_Thames, Greenwich, Haringey, Lewisham, Hammersmith_and_Fulham, Wandsworth, Lambeth, Southwark, Islington, Kensington_and_Chelsea, Camden, Tower_Hamlets, Westminster"
27572615,13,"Hounslow, Richmond_upon_Thames, Merton, Ealing, Brent, Hammersmith_and_Fulham, Wandsworth, Lambeth, Southwark, Kensington_and_Chelsea, Camden, Tower_Hamlets, Westminster"
23234040,13,"Merton, Greenwich, Lewisham, Brent, Hammersmith_and_Fulham, Wandsworth, Lambeth, Southwark, Islington, Kensington_and_Chelsea, Camden, Hackney, Westminster"
106387632,13,"Merton, Ealing, Haringey, Lewisham, Hammersmith_and_Fulham, Wandsworth, Lambeth, Southwark, Islington, Kensington_and_Chelsea, Camden, Tower_Hamlets, Westminster"
157242965,13,"Greenwich, Newham, Brent, Hammersmith_and_Fulham, Wandsworth, Lambeth, Southwark, Islington, Kensington_and_Chelsea, Camden, Hackney, Tower_Hamlets, Westminster"
19826493,12,"Havering, Barking_and_Dagenham, Hillingdon, Redbridge, Greenwich, Newham, Lewisham, Brent, Islington, Hackney, Tower_Hamlets, Westminster"
30253178,12,"Harrow, Croydon, Richmond_upon_Thames, Barnet, Greenwich, Ealing, Hammersmith_and_Fulham, Southwark, Kensington_and_Chelsea, Camden, Tower_Hamlets, Westminster"
13815070,12,"Bromley, Richmond_upon_Thames, Merton, Brent, Hammersmith_and_Fulham, Wandsworth, Lambeth, Islington, Kensington_and_Chelsea, Camden, Tower_Hamlets, Westminster"
111104094,12,"Hounslow, Newham, Brent, Hammersmith_and_Fulham, Wandsworth, Lambeth, Southwark, Islington, Camden, Hackney, Tower_Hamlets, Westminster"
198139695,12,"Richmond_upon_Thames, Brent, Hammersmith_and_Fulham, Wandsworth, Lambeth, Southwark, Islington, Kensington_and_Chelsea, Camden, Hackney, Tower_Hamlets, Westminster"
47542963,12,"Greenwich, Newham, Hammersmith_and_Fulham, Wandsworth, Lambeth, Southwark, Islington, Kensington_and_Chelsea, Camden, Hackney, Tower_Hamlets, Westminster"
203248950,12,"Greenwich, Brent, Hammersmith_and_Fulham, Wandsworth, Lambeth, Southwark, Islington, Kensington_and_Chelsea, Camden, Hackney, Tower_Hamlets, Westminster"
144274898,12,"Ealing, Brent, Hammersmith_and_Fulham, Wandsworth, Lambeth, Southwark, Islington, Kensington_and_Chelsea, Camden, Hackney, Tower_Hamlets, Westminster"
190946293,12,"Newham, Brent, Hammersmith_and_Fulham, Wandsworth, Lambeth, Southwark, Islington, Kensington_and_Chelsea, Camden, Hackney, Tower_Hamlets, Westminster"
97366167,12,"Newham, Brent, Hammersmith_and_Fulham, Wandsworth, Lambeth, Southwark, Islington, Kensington_and_Chelsea, Camden, Hackney, Tower_Hamlets, Westminster"
173009431,11,"Barking_and_Dagenham, Hammersmith_and_Fulham, Wandsworth, Lambeth, Southwark, Islington, Kensington_and_Chelsea, Camden, Hackney, Tower_Hamlets, Westminster"
1111601,11,"City_of_London, Greenwich, Haringey, Hammersmith_and_Fulham, Wandsworth, Lambeth, Kensington_and_Chelsea, Camden, Hackney, Tower_Hamlets, Westminster"
92803777,11,"Greenwich, Ealing, Newham, Wandsworth, Lambeth, Southwark, Islington, Kensington_and_Chelsea, Camden, Tower_Hamlets, Westminster"
101037,11,"Ealing, Haringey, Brent, Lambeth, Southwark, Islington, Kensington_and_Chelsea, Camden, Hackney, Tower_Hamlets, Westminster"
27834248,10,"Barnet, Brent, Hammersmith_and_Fulham, Wandsworth, Lambeth, Islington, Kensington_and_Chelsea, Camden, Tower_Hamlets, Westminster"
168342394,10,"Greenwich, Hammersmith_and_Fulham, Wandsworth, Lambeth, Southwark, Islington, Kensington_and_Chelsea, Hackney, Tower_Hamlets, Westminster"
156187808,10,"Brent, Hammersmith_and_Fulham, Wandsworth, Lambeth, Islington, Kensington_and_Chelsea, Camden, Hackney, Tower_Hamlets, Westminster"
54987,9,"City_of_London, Hounslow, Lambeth, Southwark, Islington, Camden, Hackney, Tower_Hamlets, Westminster"
1432477,9,"Hounslow, Ealing, Brent, Hammersmith_and_Fulham, Lambeth, Islington, Kensington_and_Chelsea, Camden, Westminster"
20001519,9,"Hounslow, Hammersmith_and_Fulham, Wandsworth, Lambeth, Islington, Kensington_and_Chelsea, Camden, Tower_Hamlets, Westminster"
256757217,9,"Merton, Hammersmith_and_Fulham, Wandsworth, Southwark, Islington, Kensington_and_Chelsea, Camden, Tower_Hamlets, Westminster"
132780496,9,"Newham, Brent, Hammersmith_and_Fulham, Lambeth, Islington, Kensington_and_Chelsea, Camden, Tower_Hamlets, Westminster"
205414887,9,"Lewisham, Hammersmith_and_Fulham, Wandsworth, Lambeth, Kensington_and_Chelsea, Camden, Hackney, Tower_Hamlets, Westminster"
162352928,9,"Hammersmith_and_Fulham, Wandsworth, Lambeth, Southwark, Islington, Kensington_and_Chelsea, Hackney, Tower_Hamlets, Westminster"
988379,8,"Havering, Barking_and_Dagenham, Merton, Hammersmith_and_Fulham, Wandsworth, Islington, Camden, Westminster"
9063235,8,"Sutton, City_of_London, Redbridge, Hounslow, Croydon, Richmond_upon_Thames, Merton, Ealing"
109436913,8,"City_of_London, Hounslow, Lambeth, Southwark, Islington, Camden, Hackney, Tower_Hamlets"
123745971,8,"City_of_London, Hammersmith_and_Fulham, Southwark, Islington, Camden, Hackney, Tower_Hamlets, Westminster"
209461575,8,"City_of_London, Lambeth, Southwark, Islington, Camden, Hackney, Tower_Hamlets, Westminster"
204935083,8,"City_of_London, Merton, Wandsworth, Islington, Kensington_and_Chelsea, Camden, Tower_Hamlets, Westminster"
135381324,8,"Harrow, Kingston_upon_Thames, Hounslow, Croydon, Richmond_upon_Thames, Southwark, Kensington_and_Chelsea, Westminster"
175128252,8,"Harrow, Lewisham, Hammersmith_and_Fulham, Lambeth, Southwark, Kensington_and_Chelsea, Camden, Hackney"
178022571,8,"Waltham_Forest, Newham, Wandsworth, Lambeth, Islington, Camden, Tower_Hamlets, Westminster"
230404895,8,"Barnet, Ealing, Brent, Hammersmith_and_Fulham, Lambeth, Kensington_and_Chelsea, Camden, Westminster"
163583804,8,"Brent, Hammersmith_and_Fulham, Lambeth, Islington, Kensington_and_Chelsea, Camden, Tower_Hamlets, Westminster"
922398,7,"City_of_London, Lambeth, Southwark, Islington, Camden, Hackney, Tower_Hamlets"
302657,7,"City_of_London, Barnet, Hammersmith_and_Fulham, Islington, Kensington_and_Chelsea, Camden, Tower_Hamlets"
50291093,7,"City_of_London, Lambeth, Southwark, Islington, Camden, Hackney, Tower_Hamlets"
125334787,7,"City_of_London, Southwark, Islington, Camden, Hackney, Tower_Hamlets, Westminster"
250186288,7,"City_of_London, Greenwich, Newham, Hammersmith_and_Fulham, Lambeth, Southwark, Islington"
219870898,7,"City_of_London, Newham, Hammersmith_and_Fulham, Southwark, Kensington_and_Chelsea, Camden, Westminster"
184761028,7,"Hillingdon, Merton, Barnet, Ealing, Brent, Wandsworth, Camden"
230373260,7,"Enfield, Barnet, Haringey, Islington, Camden, Hackney, Tower_Hamlets"
145952198,7,"Hounslow, Hammersmith_and_Fulham, Wandsworth, Lambeth, Islington, Kensington_and_Chelsea, Westminster"
478692,7,"Barnet, Brent, Hammersmith_and_Fulham, Kensington_and_Chelsea, Camden, Tower_Hamlets, Westminster"
50425595,7,"Barnet, Lambeth, Southwark, Kensington_and_Chelsea, Camden, Tower_Hamlets, Westminster"
221577772,7,"Greenwich, Newham, Hammersmith_and_Fulham, Southwark, Camden, Hackney, Westminster"
176910904,7,"Ealing, Brent, Wandsworth, Kensington_and_Chelsea, Camden, Hackney, Westminster"
10961046,7,"Hammersmith_and_Fulham, Wandsworth, Lambeth, Southwark, Kensington_and_Chelsea, Camden, Westminster"
67625,7,"Hammersmith_and_Fulham, Lambeth, Islington, Kensington_and_Chelsea, Camden, Tower_Hamlets, Westminster"
20648813,6,"City_of_London, Hammersmith_and_Fulham, Lambeth, Camden, Tower_Hamlets, Westminster"
162651986,6,"City_of_London, Newham, Islington, Kensington_and_Chelsea, Camden, Tower_Hamlets"
7258745,6,"City_of_London, Brent, Islington, Kensington_and_Chelsea, Camden, Westminster"
10433541,6,"City_of_London, Newham, Hammersmith_and_Fulham, Lambeth, Camden, Westminster"
199988898,6,"City_of_London, Hounslow, Hammersmith_and_Fulham, Kensington_and_Chelsea, Camden, Westminster"
219610650,6,"City_of_London, Hammersmith_and_Fulham, Wandsworth, Lambeth, Kensington_and_Chelsea, Westminster"
1836897,6,"City_of_London, Southwark, Camden, Hackney, Tower_Hamlets, Westminster"
218940007,6,"City_of_London, Islington, Camden, Hackney, Tower_Hamlets, Westminster"
78404943,6,"Harrow, Croydon, Kensington_and_Chelsea, Camden, Tower_Hamlets, Westminster"
160838291,6,"Hillingdon, Haringey, Islington, Camden, Tower_Hamlets, Westminster"
14201109,6,"Redbridge, Newham, Hammersmith_and_Fulham, Wandsworth, Hackney, Tower_Hamlets"
142216086,6,"Waltham_Forest, Hammersmith_and_Fulham, Wandsworth, Hackney, Tower_Hamlets, Westminster"
124754167,6,"Waltham_Forest, Newham, Lambeth, Islington, Kensington_and_Chelsea, Hackney"
28886982,6,"Greenwich, Wandsworth, Lambeth, Islington, Camden, Hackney"
77455943,6,"Ealing, Lambeth, Southwark, Islington, Kensington_and_Chelsea, Hackney"
129230780,6,"Ealing, Lewisham, Hammersmith_and_Fulham, Southwark, Hackney, Westminster"
11904943,6,"Ealing, Newham, Lambeth, Southwark, Tower_Hamlets, Westminster"
3875323,6,"Lewisham, Wandsworth, Lambeth, Southwark, Camden, Westminster"
40421915,6,"Brent, Hammersmith_and_Fulham, Islington, Kensington_and_Chelsea, Camden, Westminster"
24364444,6,"Brent, Southwark, Camden, Hackney, Tower_Hamlets, Westminster"
236311107,6,"Brent, Lambeth, Southwark, Camden, Tower_Hamlets, Westminster"
209020721,6,"Brent, Lambeth, Islington, Hackney, Tower_Hamlets, Westminster"
2634160,6,"Hammersmith_and_Fulham, Wandsworth, Lambeth, Kensington_and_Chelsea, Hackney, Westminster"
161586819,6,"Hammersmith_and_Fulham, Lambeth, Southwark, Islington, Tower_Hamlets, Westminster"
235577341,6,"Hammersmith_and_Fulham, Southwark, Camden, Hackney, Tower_Hamlets, Westminster"
263825202,6,"Hammersmith_and_Fulham, Islington, Camden, Hackney, Tower_Hamlets, Westminster"
3691056,6,"Wandsworth, Southwark, Camden, Hackney, Tower_Hamlets, Westminster"
224930553,6,"Wandsworth, Lambeth, Southwark, Kensington_and_Chelsea, Tower_Hamlets, Westminster"
72854398,6,"Islington, Kensington_and_Chelsea, Camden, Hackney, Tower_Hamlets, Westminster"
183841172,5,"Barking_and_Dagenham, Bromley, Croydon, Southwark, Westminster"
570672,5,"City_of_London, Islington, Camden, Tower_Hamlets, Westminster"
1251704,5,"City_of_London, Islington, Kensington_and_Chelsea, Camden, Westminster"
40428297,5,"City_of_London, Lambeth, Kensington_and_Chelsea, Camden, Tower_Hamlets"
22121493,5,"Hillingdon, Hounslow, Lambeth, Camden, Westminster"
96036044,5,"Enfield, Lewisham, Southwark, Hackney, Westminster"
68183977,5,"Bromley, Southwark, Hackney, Tower_Hamlets, Westminster"
136793374,5,"Bromley, Croydon, Greenwich, Lambeth, Tower_Hamlets"
131670745,5,"Hounslow, Hammersmith_and_Fulham, Wandsworth, Southwark, Westminster"
15411688,5,"Hounslow, Hammersmith_and_Fulham, Lambeth, Kensington_and_Chelsea, Westminster"
10388070,5,"Hounslow, Waltham_Forest, Barnet, Lewisham, Tower_Hamlets"
23176511,5,"Hounslow, Ealing, Wandsworth, Kensington_and_Chelsea, Westminster"
2550951,5,"Waltham_Forest, Haringey, Camden, Hackney, Westminster"
105003602,5,"Merton, Kensington_and_Chelsea, Camden, Hackney, Westminster"
16656623,5,"Barnet, Ealing, Brent, Kensington_and_Chelsea, Camden"
109994436,5,"Barnet, Lambeth, Kensington_and_Chelsea, Camden, Westminster"
148075562,5,"Barnet, Lambeth, Kensington_and_Chelsea, Camden, Westminster"
14517363,5,"Greenwich, Newham, Lewisham, Southwark, Tower_Hamlets"
1797656,5,"Greenwich, Hammersmith_and_Fulham, Kensington_and_Chelsea, Camden, Westminster"
220073388,5,"Greenwich, Lewisham, Lambeth, Southwark, Tower_Hamlets"
218352235,5,"Ealing, Newham, Hammersmith_and_Fulham, Wandsworth, Islington"
269240750,5,"Ealing, Brent, Wandsworth, Lambeth, Islington"
10548134,5,"Newham, Southwark, Kensington_and_Chelsea, Tower_Hamlets, Westminster"
181417008,5,"Haringey, Hammersmith_and_Fulham, Southwark, Kensington_and_Chelsea, Tower_Hamlets"
203336482,5,"Brent, Hammersmith_and_Fulham, Camden, Hackney, Westminster"
144246094,5,"Brent, Wandsworth, Kensington_and_Chelsea, Camden, Westminster"
107890431,5,"Hammersmith_and_Fulham, Wandsworth, Southwark, Islington, Camden"
58828772,5,"Hammersmith_and_Fulham, Islington, Kensington_and_Chelsea, Camden, Westminster"
15131437,5,"Hammersmith_and_Fulham, Wandsworth, Kensington_and_Chelsea, Camden, Westminster"
45441508,5,"Hammersmith_and_Fulham, Wandsworth, Lambeth, Kensington_and_Chelsea, Westminster"
150125438,5,"Hammersmith_and_Fulham, Lambeth, Southwark, Kensington_and_Chelsea, Westminster"
99058393,5,"Hammersmith_and_Fulham, Kensington_and_Chelsea, Camden, Tower_Hamlets, Westminster"
2198860,5,"Hammersmith_and_Fulham, Islington, Kensington_and_Chelsea, Tower_Hamlets, Westminster"
10795222,5,"Hammersmith_and_Fulham, Islington, Kensington_and_Chelsea, Tower_Hamlets, Westminster"
221016092,5,"Hammersmith_and_Fulham, Lambeth, Islington, Tower_Hamlets, Westminster"
225018707,5,"Hammersmith_and_Fulham, Lambeth, Islington, Camden, Westminster"
215019117,5,"Hammersmith_and_Fulham, Southwark, Camden, Tower_Hamlets, Westminster"
36943329,5,"Hammersmith_and_Fulham, Lambeth, Southwark, Islington, Hackney"
174121705,5,"Hammersmith_and_Fulham, Lambeth, Islington, Kensington_and_Chelsea, Westminster"
27808855,5,"Hammersmith_and_Fulham, Wandsworth, Southwark, Kensington_and_Chelsea, Tower_Hamlets"
3747398,5,"Wandsworth, Kensington_and_Chelsea, Hackney, Tower_Hamlets, Westminster"
11570657,5,"Wandsworth, Camden, Hackney, Tower_Hamlets, Westminster"
1425784,5,"Lambeth, Southwark, Camden, Hackney, Tower_Hamlets"
193289997,5,"Lambeth, Southwark, Kensington_and_Chelsea, Camden, Westminster"
119267530,5,"Lambeth, Southwark, Islington, Tower_Hamlets, Westminster"
33421573,5,"Lambeth, Southwark, Camden, Tower_Hamlets, Westminster"
99733888,5,"Southwark, Islington, Kensington_and_Chelsea, Camden, Westminster"
110643190,5,"Southwark, Islington, Camden, Hackney, Westminster"
46362642,5,"Southwark, Kensington_and_Chelsea, Camden, Tower_Hamlets, Westminster"
133204013,5,"Southwark, Islington, Camden, Tower_Hamlets, Westminster"
138932380,5,"Islington, Kensington_and_Chelsea, Camden, Hackney, Westminster"
224866971,5,"Islington, Kensington_and_Chelsea, Camden, Hackney, Westminster"
47623866,5,"Islington, Kensington_and_Chelsea, Camden, Tower_Hamlets, Westminster"
14685880,4,"Havering, Barking_and_Dagenham, Greenwich, Hackney"
17911918,4,"City_of_London, Wandsworth, Kensington_and_Chelsea, Westminster"
9066630,4,"City_of_London, Lambeth, Camden, Westminster"
33433857,4,"City_of_London, Lambeth, Camden, Tower_Hamlets"
43935156,4,"City_of_London, Islington, Camden, Westminster"
124013560,4,"City_of_London, Richmond_upon_Thames, Tower_Hamlets, Westminster"
139900567,4,"City_of_London, Ealing, Hackney, Tower_Hamlets"
143758259,4,"City_of_London, Kensington_and_Chelsea, Tower_Hamlets, Westminster"
122890980,4,"City_of_London, Brent, Camden, Hackney"
142504860,4,"City_of_London, Camden, Hackney, Tower_Hamlets"
25357561,4,"City_of_London, Islington, Camden, Tower_Hamlets"
174572485,4,"City_of_London, Islington, Camden, Tower_Hamlets"
33420433,4,"City_of_London, Camden, Tower_Hamlets, Westminster"
224967268,4,"City_of_London, Greenwich, Islington, Tower_Hamlets"
222618341,4,"City_of_London, Islington, Hackney, Westminster"
242487770,4,"City_of_London, Camden, Tower_Hamlets, Westminster"
203941630,4,"City_of_London, Hammersmith_and_Fulham, Islington, Tower_Hamlets"
105908716,4,"City_of_London, Kensington_and_Chelsea, Tower_Hamlets, Westminster"
47609036,4,"City_of_London, Islington, Camden, Tower_Hamlets"
17279844,4,"City_of_London, Hammersmith_and_Fulham, Southwark, Westminster"
163007820,4,"Harrow, Barnet, Hammersmith_and_Fulham, Westminster"
190315203,4,"Harrow, Greenwich, Ealing, Tower_Hamlets"
226804666,4,"Harrow, Lewisham, Hammersmith_and_Fulham, Southwark"
251485737,4,"Hillingdon, Ealing, Kensington_and_Chelsea, Westminster"
48571576,4,"Enfield, Brent, Camden, Westminster"
268820851,4,"Enfield, Haringey, Camden, Tower_Hamlets"
79087724,4,"Bromley, Greenwich, Lewisham, Tower_Hamlets"
59632742,4,"Hounslow, Richmond_upon_Thames, Lewisham, Southwark"
15298430,4,"Hounslow, Hammersmith_and_Fulham, Wandsworth, Southwark"
17539274,4,"Hounslow, Ealing, Hammersmith_and_Fulham, Kensington_and_Chelsea"
163083341,4,"Croydon, Newham, Islington, Tower_Hamlets"
167517751,4,"Croydon, Lambeth, Southwark, Westminster"
871053,4,"Croydon, Merton, Wandsworth, Lambeth"
16385381,4,"Richmond_upon_Thames, Wandsworth, Tower_Hamlets, Westminster"
49992531,4,"Richmond_upon_Thames, Hammersmith_and_Fulham, Kensington_and_Chelsea, Camden"
99728490,4,"Richmond_upon_Thames, Ealing, Southwark, Tower_Hamlets"
8368940,4,"Waltham_Forest, Islington, Camden, Hackney"
42150975,4,"Waltham_Forest, Newham, Brent, Tower_Hamlets"
10301575,4,"Merton, Lambeth, Kensington_and_Chelsea, Westminster"
113030835,4,"Merton, Wandsworth, Lambeth, Westminster"
49851295,4,"Merton, Hammersmith_and_Fulham, Wandsworth, Kensington_and_Chelsea"
25110951,4,"Merton, Hammersmith_and_Fulham, Kensington_and_Chelsea, Westminster"
103394542,4,"Barnet, Brent, Camden, Westminster"
43181771,4,"Barnet, Hammersmith_and_Fulham, Southwark, Kensington_and_Chelsea"
44679311,4,"Barnet, Lambeth, Kensington_and_Chelsea, Westminster"
48165024,4,"Barnet, Brent, Kensington_and_Chelsea, Westminster"
166617599,4,"Barnet, Wandsworth, Camden, Westminster"
96706502,4,"Barnet, Newham, Camden, Westminster"
158840966,4,"Barnet, Lewisham, Kensington_and_Chelsea, Westminster"
24947271,4,"Barnet, Hammersmith_and_Fulham, Kensington_and_Chelsea, Westminster"
255384070,4,"Greenwich, Southwark, Islington, Hackney"
97206133,4,"Ealing, Kensington_and_Chelsea, Camden, Westminster"
79001096,4,"Ealing, Hammersmith_and_Fulham, Tower_Hamlets, Westminster"
175623118,4,"Ealing, Lewisham, Brent, Westminster"
228900020,4,"Ealing, Hammersmith_and_Fulham, Islington, Kensington_and_Chelsea"
230340424,4,"Ealing, Wandsworth, Islington, Tower_Hamlets"
208447001,4,"Ealing, Hammersmith_and_Fulham, Kensington_and_Chelsea, Westminster"
83740964,4,"Ealing, Kensington_and_Chelsea, Camden, Westminster"
120240035,4,"Newham, Lewisham, Kensington_and_Chelsea, Hackney"
248034547,4,"Newham, Hammersmith_and_Fulham, Tower_Hamlets, Westminster"
152064486,4,"Newham, Hammersmith_and_Fulham, Tower_Hamlets, Westminster"
213343432,4,"Newham, Hammersmith_and_Fulham, Wandsworth, Tower_Hamlets"
163577058,4,"Haringey, Islington, Camden, Westminster"
249697480,4,"Haringey, Islington, Hackney, Tower_Hamlets"
219607756,4,"Haringey, Islington, Camden, Hackney"
63293666,4,"Lewisham, Southwark, Kensington_and_Chelsea, Westminster"
14183645,4,"Lewisham, Lambeth, Southwark, Westminster"
134883983,4,"Lewisham, Wandsworth, Tower_Hamlets, Westminster"
224774243,4,"Lewisham, Islington, Camden, Westminster"
2090844,4,"Lewisham, Wandsworth, Lambeth, Camden"
1525880,4,"Brent, Southwark, Camden, Tower_Hamlets"
158891383,4,"Brent, Hammersmith_and_Fulham, Islington, Camden"
96333789,4,"Brent, Islington, Camden, Hackney"
87794098,4,"Brent, Islington, Camden, Hackney"
23966399,4,"Brent, Hammersmith_and_Fulham, Camden, Westminster"
221357332,4,"Brent, Islington, Kensington_and_Chelsea, Westminster"
216472668,4,"Brent, Southwark, Camden, Tower_Hamlets"
237078220,4,"Brent, Hammersmith_and_Fulham, Wandsworth, Kensington_and_Chelsea"
37056489,4,"Hammersmith_and_Fulham, Southwark, Kensington_and_Chelsea, Westminster"
32674548,4,"Hammersmith_and_Fulham, Kensington_and_Chelsea, Camden, Westminster"
114635297,4,"Hammersmith_and_Fulham, Southwark, Hackney, Tower_Hamlets"
128659370,4,"Hammersmith_and_Fulham, Wandsworth, Kensington_and_Chelsea, Westminster"
129604820,4,"Hammersmith_and_Fulham, Camden, Tower_Hamlets, Westminster"
25464871,4,"Hammersmith_and_Fulham, Lambeth, Kensington_and_Chelsea, Westminster"
90430288,4,"Hammersmith_and_Fulham, Kensington_and_Chelsea, Tower_Hamlets, Westminster"
152312809,4,"Hammersmith_and_Fulham, Southwark, Islington, Tower_Hamlets"
81257959,4,"Hammersmith_and_Fulham, Kensington_and_Chelsea, Tower_Hamlets, Westminster"
165675868,4,"Hammersmith_and_Fulham, Kensington_and_Chelsea, Camden, Westminster"
1009465,4,"Hammersmith_and_Fulham, Lambeth, Kensington_and_Chelsea, Westminster"
94250766,4,"Hammersmith_and_Fulham, Lambeth, Kensington_and_Chelsea, Westminster"
131879863,4,"Hammersmith_and_Fulham, Southwark, Kensington_and_Chelsea, Westminster"
19583485,4,"Hammersmith_and_Fulham, Southwark, Islington, Camden"
22115472,4,"Hammersmith_and_Fulham, Kensington_and_Chelsea, Camden, Westminster"
18027936,4,"Hammersmith_and_Fulham, Wandsworth, Kensington_and_Chelsea, Westminster"
186031401,4,"Hammersmith_and_Fulham, Kensington_and_Chelsea, Camden, Westminster"
228345224,4,"Hammersmith_and_Fulham, Wandsworth, Kensington_and_Chelsea, Westminster"
251165157,4,"Hammersmith_and_Fulham, Camden, Hackney, Westminster"
251773669,4,"Hammersmith_and_Fulham, Wandsworth, Kensington_and_Chelsea, Westminster"
227301069,4,"Hammersmith_and_Fulham, Camden, Tower_Hamlets, Westminster"
195155868,4,"Hammersmith_and_Fulham, Islington, Kensington_and_Chelsea, Westminster"
120237007,4,"Hammersmith_and_Fulham, Wandsworth, Islington, Camden"
30961115,4,"Hammersmith_and_Fulham, Kensington_and_Chelsea, Camden, Westminster"
59317364,4,"Wandsworth, Kensington_and_Chelsea, Camden, Westminster"
159589483,4,"Wandsworth, Southwark, Camden, Westminster"
24366999,4,"Wandsworth, Kensington_and_Chelsea, Camden, Westminster"
5447640,4,"Wandsworth, Islington, Kensington_and_Chelsea, Camden"
193397414,4,"Wandsworth, Lambeth, Southwark, Westminster"
121684976,4,"Wandsworth, Kensington_and_Chelsea, Camden, Westminster"
86055398,4,"Lambeth, Kensington_and_Chelsea, Camden, Westminster"
154668690,4,"Lambeth, Kensington_and_Chelsea, Camden, Westminster"
149362525,4,"Lambeth, Kensington_and_Chelsea, Camden, Westminster"
83933819,4,"Lambeth, Southwark, Tower_Hamlets, Westminster"
39225820,4,"Lambeth, Camden, Tower_Hamlets, Westminster"
209445285,4,"Lambeth, Southwark, Islington, Tower_Hamlets"
236261723,4,"Lambeth, Kensington_and_Chelsea, Camden, Westminster"
119463580,4,"Southwark, Camden, Hackney, Tower_Hamlets"
140416243,4,"Southwark, Kensington_and_Chelsea, Hackney, Tower_Hamlets"
215869386,4,"Southwark, Islington, Kensington_and_Chelsea, Camden"
254057394,4,"Southwark, Kensington_and_Chelsea, Camden, Westminster"
441494,4,"Southwark, Kensington_and_Chelsea, Tower_Hamlets, Westminster"
467757,4,"Islington, Kensington_and_Chelsea, Camden, Westminster"
42302635,4,"Islington, Kensington_and_Chelsea, Camden, Tower_Hamlets"
26528019,4,"Islington, Kensington_and_Chelsea, Camden, Tower_Hamlets"
3109728,4,"Islington, Camden, Tower_Hamlets, Westminster"
12243051,4,"Islington, Camden, Hackney, Westminster"
135969957,4,"Islington, Hackney, Tower_Hamlets, Westminster"
142570782,4,"Islington, Hackney, Tower_Hamlets, Westminster"
212199911,4,"Islington, Kensington_and_Chelsea, Camden, Tower_Hamlets"
2338892,4,"Islington, Camden, Hackney, Tower_Hamlets"
50106435,4,"Islington, Kensington_and_Chelsea, Camden, Westminster"
166404314,4,"Islington, Kensington_and_Chelsea, Camden, Westminster"
153817493,4,"Islington, Camden, Hackney, Westminster"
163201187,4,"Islington, Kensington_and_Chelsea, Camden, Tower_Hamlets"
258154594,4,"Islington, Kensington_and_Chelsea, Hackney, Tower_Hamlets"
45990563,4,"Islington, Camden, Hackney, Westminster"
148362408,4,"Kensington_and_Chelsea, Camden, Tower_Hamlets, Westminster"
204242376,4,"Kensington_and_Chelsea, Camden, Hackney, Westminster"
179443372,4,"Kensington_and_Chelsea, Hackney, Tower_Hamlets, Westminster"
153229519,4,"Kensington_and_Chelsea, Camden, Tower_Hamlets, Westminster"
24603454,4,"Kensington_and_Chelsea, Camden, Tower_Hamlets, Westminster"
21083998,4,"Kensington_and_Chelsea, Camden, Tower_Hamlets, Westminster"
244157601,4,"Kensington_and_Chelsea, Camden, Hackney, Westminster"
148113174,4,"Camden, Hackney, Tower_Hamlets, Westminster"
154958846,3,"Barking_and_Dagenham, Newham, Tower_Hamlets"
58672229,3,"City_of_London, Camden, Westminster"
5352830,3,"City_of_London, Camden, Westminster"
105125907,3,"City_of_London, Camden, Hackney"
48861995,3,"City_of_London, Southwark, Tower_Hamlets"
8690046,3,"City_of_London, Camden, Hackney"
122820136,3,"City_of_London, Brent, Camden"
94679515,3,"City_of_London, Southwark, Westminster"
215647812,3,"City_of_London, Islington, Hackney"
2074840,3,"City_of_London, Islington, Camden"
244331544,3,"City_of_London, Tower_Hamlets, Westminster"
11621858,3,"City_of_London, Hammersmith_and_Fulham, Camden"
227297499,3,"City_of_London, Kensington_and_Chelsea, Tower_Hamlets"
26724380,3,"City_of_London, Kensington_and_Chelsea, Camden"
5473088,3,"City_of_London, Tower_Hamlets, Westminster"
1517803,3,"City_of_London, Hackney, Tower_Hamlets"
51305689,3,"City_of_London, Lambeth, Westminster"
35424755,3,"Hillingdon, Hounslow, Kensington_and_Chelsea"
204698446,3,"Hillingdon, Kensington_and_Chelsea, Westminster"
263211779,3,"Hillingdon, Brent, Westminster"
83958637,3,"Enfield, Islington, Camden"
199043747,3,"Bromley, Lambeth, Southwark"
1952411,3,"Bromley, Lewisham, Lambeth"
7644180,3,"Bromley, Lambeth, Southwark"
186619379,3,"Redbridge, Greenwich, Islington"
162670539,3,"Redbridge, Hackney, Tower_Hamlets"
162214874,3,"Redbridge, Newham, Tower_Hamlets"
4595575,3,"Redbridge, Newham, Tower_Hamlets"
144932258,3,"Hounslow, Hammersmith_and_Fulham, Westminster"
112066727,3,"Hounslow, Ealing, Camden"
52038584,3,"Hounslow, Lewisham, Lambeth"
263909734,3,"Hounslow, Wandsworth, Lambeth"
185136424,3,"Hounslow, Ealing, Hammersmith_and_Fulham"
108184637,3,"Croydon, Wandsworth, Lambeth"
60095830,3,"Croydon, Islington, Westminster"
762736,3,"Croydon, Lewisham, Southwark"
204281901,3,"Croydon, Camden, Westminster"
51439158,3,"Croydon, Camden, Westminster"
253250962,3,"Croydon, Wandsworth, Westminster"
230550142,3,"Richmond_upon_Thames, Wandsworth, Lambeth"
80425840,3,"Richmond_upon_Thames, Hammersmith_and_Fulham, Kensington_and_Chelsea"
2525777,3,"Richmond_upon_Thames, Islington, Westminster"
8484725,3,"Waltham_Forest, Newham, Hackney"
135543044,3,"Waltham_Forest, Barnet, Southwark"
13483935,3,"Waltham_Forest, Newham, Tower_Hamlets"
199459956,3,"Waltham_Forest, Southwark, Westminster"
67500800,3,"Merton, Newham, Tower_Hamlets"
41200507,3,"Merton, Brent, Camden"
117626913,3,"Merton, Camden, Westminster"
122830214,3,"Merton, Kensington_and_Chelsea, Westminster"
140393195,3,"Merton, Wandsworth, Lambeth"
255364774,3,"Merton, Greenwich, Hammersmith_and_Fulham"
58341371,3,"Merton, Kensington_and_Chelsea, Westminster"
62967279,3,"Barnet, Newham, Tower_Hamlets"
57989340,3,"Barnet, Brent, Westminster"
194033700,3,"Barnet, Kensington_and_Chelsea, Westminster"
154083860,3,"Barnet, Haringey, Westminster"
228095684,3,"Barnet, Brent, Westminster"
259537380,3,"Barnet, Haringey, Islington"
261517094,3,"Barnet, Brent, Camden"
189689748,3,"Barnet, Kensington_and_Chelsea, Westminster"
34416383,3,"Barnet, Kensington_and_Chelsea, Westminster"
19646173,3,"Barnet, Islington, Hackney"
110181866,3,"Greenwich, Southwark, Westminster"
217269501,3,"Greenwich, Southwark, Tower_Hamlets"
219827538,3,"Greenwich, Hammersmith_and_Fulham, Kensington_and_Chelsea"
777801,3,"Greenwich, Lambeth, Islington"
235631301,3,"Greenwich, Southwark, Islington"
268520254,3,"Greenwich, Newham, Tower_Hamlets"
104507582,3,"Ealing, Hammersmith_and_Fulham, Westminster"
109778834,3,"Ealing, Brent, Hammersmith_and_Fulham"
190233321,3,"Ealing, Hammersmith_and_Fulham, Kensington_and_Chelsea"
189613018,3,"Ealing, Brent, Kensington_and_Chelsea"
1590736,3,"Ealing, Lewisham, Southwark"
215526453,3,"Ealing, Tower_Hamlets, Westminster"
139459869,3,"Ealing, Brent, Hammersmith_and_Fulham"
7922860,3,"Newham, Hammersmith_and_Fulham, Kensington_and_Chelsea"
17070353,3,"Newham, Lewisham, Southwark"
157954735,3,"Newham, Southwark, Tower_Hamlets"
175535918,3,"Newham, Camden, Tower_Hamlets"
198973007,3,"Newham, Southwark, Tower_Hamlets"
15990831,3,"Newham, Camden, Tower_Hamlets"
179992254,3,"Newham, Tower_Hamlets, Westminster"
2065219,3,"Newham, Lambeth, Southwark"
230467636,3,"Newham, Southwark, Tower_Hamlets"
36126550,3,"Newham, Hammersmith_and_Fulham, Westminster"
211806676,3,"Newham, Hammersmith_and_Fulham, Westminster"
210120236,3,"Newham, Hammersmith_and_Fulham, Westminster"
13557337,3,"Newham, Hackney, Tower_Hamlets"
20770834,3,"Haringey, Islington, Hackney"
43754868,3,"Haringey, Islington, Camden"
2419758,3,"Haringey, Camden, Westminster"
144430839,3,"Haringey, Islington, Hackney"
15686300,3,"Haringey, Islington, Hackney"
55105447,3,"Haringey, Islington, Hackney"
150257204,3,"Haringey, Camden, Westminster"
261982904,3,"Haringey, Brent, Tower_Hamlets"
129547997,3,"Haringey, Islington, Hackney"
144786680,3,"Lewisham, Lambeth, Southwark"
157426109,3,"Lewisham, Southwark, Islington"
190444894,3,"Lewisham, Lambeth, Camden"
197259230,3,"Lewisham, Lambeth, Southwark"
77700183,3,"Lewisham, Southwark, Tower_Hamlets"
6498776,3,"Lewisham, Southwark, Islington"
1616720,3,"Brent, Camden, Westminster"
64202899,3,"Brent, Hackney, Westminster"
138279907,3,"Brent, Wandsworth, Southwark"
467692,3,"Brent, Camden, Tower_Hamlets"
173635808,3,"Brent, Islington, Camden"
120045094,3,"Brent, Camden, Hackney"
1289812,3,"Brent, Kensington_and_Chelsea, Westminster"
158900512,3,"Brent, Camden, Tower_Hamlets"
158895056,3,"Brent, Camden, Tower_Hamlets"
188667364,3,"Brent, Islington, Westminster"
106003879,3,"Brent, Islington, Camden"
54111075,3,"Brent, Camden, Westminster"
219430283,3,"Brent, Camden, Westminster"
113385378,3,"Brent, Hammersmith_and_Fulham, Camden"
38907468,3,"Brent, Camden, Westminster"
65040257,3,"Brent, Camden, Westminster"
3327423,3,"Hammersmith_and_Fulham, Kensington_and_Chelsea, Westminster"
20344572,3,"Hammersmith_and_Fulham, Kensington_and_Chelsea, Westminster"
63091616,3,"Hammersmith_and_Fulham, Kensington_and_Chelsea, Westminster"
3809876,3,"Hammersmith_and_Fulham, Kensington_and_Chelsea, Westminster"
117759084,3,"Hammersmith_and_Fulham, Wandsworth, Kensington_and_Chelsea"
59310710,3,"Hammersmith_and_Fulham, Kensington_and_Chelsea, Westminster"
44734831,3,"Hammersmith_and_Fulham, Camden, Westminster"
50112313,3,"Hammersmith_and_Fulham, Kensington_and_Chelsea, Westminster"
135336101,3,"Hammersmith_and_Fulham, Kensington_and_Chelsea, Westminster"
134721761,3,"Hammersmith_and_Fulham, Kensington_and_Chelsea, Westminster"
130082169,3,"Hammersmith_and_Fulham, Southwark, Westminster"
2331446,3,"Hammersmith_and_Fulham, Tower_Hamlets, Westminster"
162551355,3,"Hammersmith_and_Fulham, Wandsworth, Kensington_and_Chelsea"
9783157,3,"Hammersmith_and_Fulham, Tower_Hamlets, Westminster"
151302378,3,"Hammersmith_and_Fulham, Kensington_and_Chelsea, Camden"
61407694,3,"Hammersmith_and_Fulham, Kensington_and_Chelsea, Westminster"
168364544,3,"Hammersmith_and_Fulham, Kensington_and_Chelsea, Camden"
21200437,3,"Hammersmith_and_Fulham, Wandsworth, Kensington_and_Chelsea"
131923458,3,"Hammersmith_and_Fulham, Lambeth, Hackney"
180640377,3,"Hammersmith_and_Fulham, Camden, Westminster"
139834210,3,"Hammersmith_and_Fulham, Camden, Tower_Hamlets"
13107990,3,"Hammersmith_and_Fulham, Kensington_and_Chelsea, Westminster"
235205889,3,"Hammersmith_and_Fulham, Wandsworth, Kensington_and_Chelsea"
217609865,3,"Hammersmith_and_Fulham, Camden, Westminster"
170734667,3,"Hammersmith_and_Fulham, Kensington_and_Chelsea, Westminster"
122573468,3,"Hammersmith_and_Fulham, Kensington_and_Chelsea, Westminster"
60151108,3,"Hammersmith_and_Fulham, Islington, Hackney"
219631041,3,"Hammersmith_and_Fulham, Kensington_and_Chelsea, Westminster"
250766988,3,"Hammersmith_and_Fulham, Camden, Westminster"
138878486,3,"Hammersmith_and_Fulham, Kensington_and_Chelsea, Westminster"
231077412,3,"Hammersmith_and_Fulham, Kensington_and_Chelsea, Westminster"
13717578,3,"Hammersmith_and_Fulham, Kensington_and_Chelsea, Westminster"
265006671,3,"Hammersmith_and_Fulham, Tower_Hamlets, Westminster"
632948,3,"Hammersmith_and_Fulham, Islington, Camden"
258580205,3,"Hammersmith_and_Fulham, Kensington_and_Chelsea, Westminster"
28750646,3,"Hammersmith_and_Fulham, Kensington_and_Chelsea, Westminster"
32056798,3,"Wandsworth, Lambeth, Kensington_and_Chelsea"
68923490,3,"Wandsworth, Kensington_and_Chelsea, Westminster"
1953872,3,"Wandsworth, Islington, Tower_Hamlets"
99987717,3,"Wandsworth, Southwark, Tower_Hamlets"
13770205,3,"Wandsworth, Southwark, Tower_Hamlets"
47362142,3,"Wandsworth, Kensington_and_Chelsea, Westminster"
15733962,3,"Wandsworth, Kensington_and_Chelsea, Westminster"
173177138,3,"Wandsworth, Lambeth, Tower_Hamlets"
5835171,3,"Wandsworth, Lambeth, Camden"
74192216,3,"Wandsworth, Kensington_and_Chelsea, Westminster"
221350472,3,"Wandsworth, Kensington_and_Chelsea, Westminster"
35638143,3,"Wandsworth, Lambeth, Southwark"
167998875,3,"Wandsworth, Lambeth, Hackney"
7876672,3,"Lambeth, Tower_Hamlets, Westminster"
34207317,3,"Lambeth, Southwark, Westminster"
96036854,3,"Lambeth, Kensington_and_Chelsea, Westminster"
255675,3,"Lambeth, Camden, Westminster"
149688008,3,"Lambeth, Kensington_and_Chelsea, Hackney"
109942732,3,"Lambeth, Camden, Westminster"
44239887,3,"Lambeth, Kensington_and_Chelsea, Westminster"
2499048,3,"Lambeth, Camden, Tower_Hamlets"
3326097,3,"Lambeth, Camden, Westminster"
160262873,3,"Lambeth, Camden, Westminster"
167324725,3,"Lambeth, Kensington_and_Chelsea, Westminster"
17124465,3,"Lambeth, Southwark, Westminster"
47459455,3,"Lambeth, Camden, Westminster"
152889228,3,"Lambeth, Tower_Hamlets, Westminster"
153138969,3,"Lambeth, Camden, Westminster"
445273,3,"Lambeth, Islington, Hackney"
244673112,3,"Lambeth, Kensington_and_Chelsea, Westminster"
220114219,3,"Lambeth, Tower_Hamlets, Westminster"
92935351,3,"Lambeth, Kensington_and_Chelsea, Camden"
1839548,3,"Lambeth, Camden, Westminster"
460272,3,"Lambeth, Southwark, Westminster"
5046349,3,"Lambeth, Southwark, Westminster"
1310077,3,"Lambeth, Kensington_and_Chelsea, Westminster"
8006332,3,"Lambeth, Southwark, Westminster"
2924579,3,"Southwark, Camden, Westminster"
17873004,3,"Southwark, Islington, Camden"
124969029,3,"Southwark, Camden, Tower_Hamlets"
129836997,3,"Southwark, Kensington_and_Chelsea, Westminster"
2746573,3,"Southwark, Camden, Westminster"
3998265,3,"Southwark, Kensington_and_Chelsea, Hackney"
151237787,3,"Southwark, Kensington_and_Chelsea, Camden"
17653494,3,"Southwark, Camden, Tower_Hamlets"
118849090,3,"Southwark, Camden, Westminster"
251122776,3,"Southwark, Kensington_and_Chelsea, Westminster"
223778348,3,"Southwark, Islington, Westminster"
493497,3,"Southwark, Islington, Camden"
1408974,3,"Islington, Hackney, Tower_Hamlets"
18238791,3,"Islington, Kensington_and_Chelsea, Camden"
48225748,3,"Islington, Kensington_and_Chelsea, Camden"
111121666,3,"Islington, Kensington_and_Chelsea, Westminster"
149102176,3,"Islington, Camden, Westminster"
1591664,3,"Islington, Hackney, Tower_Hamlets"
36873235,3,"Islington, Camden, Hackney"
170645351,3,"Islington, Camden, Westminster"
96569915,3,"Islington, Camden, Tower_Hamlets"
148063644,3,"Islington, Kensington_and_Chelsea, Camden"
321917,3,"Islington, Camden, Tower_Hamlets"
132788643,3,"Islington, Tower_Hamlets, Westminster"
5910284,3,"Islington, Camden, Hackney"
214770913,3,"Islington, Hackney, Tower_Hamlets"
112509686,3,"Islington, Kensington_and_Chelsea, Camden"
158032229,3,"Islington, Kensington_and_Chelsea, Westminster"
167345716,3,"Islington, Tower_Hamlets, Westminster"
5222355,3,"Islington, Kensington_and_Chelsea, Camden"
1016331,3,"Islington, Camden, Hackney"
225012695,3,"Islington, Camden, Hackney"
122109164,3,"Islington, Hackney, Tower_Hamlets"
167604439,3,"Islington, Kensington_and_Chelsea, Camden"
52779918,3,"Islington, Camden, Westminster"
229700663,3,"Islington, Kensington_and_Chelsea, Camden"
147324789,3,"Islington, Kensington_and_Chelsea, Westminster"
261559313,3,"Islington, Hackney, Tower_Hamlets"
222105340,3,"Islington, Hackney, Westminster"
42401122,3,"Islington, Camden, Westminster"
4531267,3,"Kensington_and_Chelsea, Camden, Westminster"
2036946,3,"Kensington_and_Chelsea, Camden, Westminster"
9241022,3,"Kensington_and_Chelsea, Camden, Westminster"
99038064,3,"Kensington_and_Chelsea, Tower_Hamlets, Westminster"
110250725,3,"Kensington_and_Chelsea, Camden, Westminster"
133064942,3,"Kensington_and_Chelsea, Camden, Westminster"
11131496,3,"Kensington_and_Chelsea, Camden, Westminster"
3155639,3,"Kensington_and_Chelsea, Camden, Westminster"
53308425,3,"Kensington_and_Chelsea, Camden, Westminster"
30682134,3,"Kensington_and_Chelsea, Camden, Westminster"
163151766,3,"Kensington_and_Chelsea, Camden, Westminster"
132581311,3,"Kensington_and_Chelsea, Camden, Westminster"
153909397,3,"Kensington_and_Chelsea, Camden, Westminster"
6144655,3,"Kensington_and_Chelsea, Camden, Westminster"
157184570,3,"Kensington_and_Chelsea, Camden, Westminster"
2157755,3,"Kensington_and_Chelsea, Camden, Westminster"
182759204,3,"Kensington_and_Chelsea, Tower_Hamlets, Westminster"
141491457,3,"Kensington_and_Chelsea, Camden, Westminster"
158694308,3,"Kensington_and_Chelsea, Camden, Westminster"
219196044,3,"Kensington_and_Chelsea, Camden, Westminster"
144730993,3,"Kensington_and_Chelsea, Camden, Westminster"
68713681,3,"Kensington_and_Chelsea, Hackney, Tower_Hamlets"
228928499,3,"Kensington_and_Chelsea, Camden, Westminster"
156956264,3,"Kensington_and_Chelsea, Camden, Westminster"
238281121,3,"Kensington_and_Chelsea, Camden, Westminster"
25727709,3,"Kensington_and_Chelsea, Camden, Westminster"
167937848,3,"Kensington_and_Chelsea, Camden, Westminster"
431902,3,"Kensington_and_Chelsea, Camden, Westminster"
1095316,3,"Kensington_and_Chelsea, Camden, Westminster"
174734234,3,"Kensington_and_Chelsea, Camden, Westminster"
172457906,3,"Kensington_and_Chelsea, Hackney, Tower_Hamlets"
109385731,3,"Kensington_and_Chelsea, Camden, Tower_Hamlets"
29886167,3,"Kensington_and_Chelsea, Camden, Westminster"
237329906,3,"Kensington_and_Chelsea, Camden, Westminster"
42227304,3,"Kensington_and_Chelsea, Hackney, Westminster"
5436552,3,"Kensington_and_Chelsea, Camden, Tower_Hamlets"
48854001,3,"Camden, Hackney, Westminster"
117918911,3,"Camden, Hackney, Westminster"
146444615,3,"Camden, Hackney, Tower_Hamlets"
84410810,3,"Camden, Hackney, Westminster"
12979446,3,"Camden, Tower_Hamlets, Westminster"
39799654,3,"Camden, Hackney, Tower_Hamlets"
65734498,3,"Camden, Hackney, Westminster"
185898036,3,"Camden, Tower_Hamlets, Westminster"
159442402,2,"Havering, Westminster"
89915822,2,"Bexley, Tower_Hamlets"
94989849,2,"Bexley, Southwark"
55530347,2,"Sutton, Wandsworth"
8634152,2,"Barking_and_Dagenham, Islington"
82040787,2,"Barking_and_Dagenham, Islington"
16435322,2,"Barking_and_Dagenham, Camden"
196331237,2,"Barking_and_Dagenham, Lambeth"
1199849,2,"Barking_and_Dagenham, Westminster"
186729470,2,"Barking_and_Dagenham, Southwark"
134116899,2,"Barking_and_Dagenham, Islington"
112867646,2,"Barking_and_Dagenham, Westminster"
8780415,2,"Barking_and_Dagenham, Hammersmith_and_Fulham"
23787341,2,"Barking_and_Dagenham, Camden"
5380343,2,"City_of_London, Lewisham"
4212488,2,"City_of_London, Tower_Hamlets"
25987159,2,"City_of_London, Hackney"
67911213,2,"City_of_London, Tower_Hamlets"
471088,2,"City_of_London, Kensington_and_Chelsea"
66924011,2,"City_of_London, Southwark"
20503627,2,"City_of_London, Newham"
7732792,2,"City_of_London, Tower_Hamlets"
43882737,2,"City_of_London, Tower_Hamlets"
110789326,2,"City_of_London, Westminster"
995624,2,"City_of_London, Islington"
4649563,2,"City_of_London, Islington"
27435863,2,"City_of_London, Hackney"
31478726,2,"City_of_London, Westminster"
580475,2,"City_of_London, Westminster"
78657906,2,"City_of_London, Merton"
50177526,2,"City_of_London, Kensington_and_Chelsea"
16774103,2,"City_of_London, Wandsworth"
10673524,2,"City_of_London, Islington"
195253364,2,"City_of_London, Tower_Hamlets"
2349744,2,"City_of_London, Tower_Hamlets"
243689140,2,"City_of_London, Kensington_and_Chelsea"
165428457,2,"City_of_London, Merton"
22036320,2,"City_of_London, Tower_Hamlets"
229016230,2,"City_of_London, Kensington_and_Chelsea"
25852924,2,"City_of_London, Lambeth"
252117300,2,"City_of_London, Westminster"
194369376,2,"City_of_London, Westminster"
257298204,2,"City_of_London, Westminster"
221408919,2,"City_of_London, Wandsworth"
140886910,2,"City_of_London, Westminster"
1367883,2,"City_of_London, Camden"
33176796,2,"City_of_London, Southwark"
14938057,2,"City_of_London, Tower_Hamlets"
441736,2,"City_of_London, Tower_Hamlets"
28619960,2,"Harrow, Southwark"
71574422,2,"Harrow, Tower_Hamlets"
2100771,2,"Harrow, Southwark"
103674102,2,"Harrow, Tower_Hamlets"
148379571,2,"Harrow, Hammersmith_and_Fulham"
17521314,2,"Kingston_upon_Thames, Kensington_and_Chelsea"
156166734,2,"Kingston_upon_Thames, Lambeth"
129667352,2,"Enfield, Islington"
97874184,2,"Enfield, Hackney"
113828488,2,"Enfield, Islington"
1242644,2,"Enfield, Westminster"
20788,2,"Enfield, Westminster"
205700308,2,"Enfield, Hackney"
106991354,2,"Enfield, Islington"
149053025,2,"Enfield, Kensington_and_Chelsea"
57734526,2,"Enfield, Tower_Hamlets"
15885425,2,"Enfield, Islington"
30362264,2,"Enfield, Hackney"
35769547,2,"Bromley, Hackney"
148788178,2,"Bromley, Westminster"
4451914,2,"Bromley, Lambeth"
258763047,2,"Bromley, Lambeth"
1995390,2,"Bromley, Wandsworth"
145741789,2,"Bromley, Southwark"
93627028,2,"Redbridge, Hackney"
104762551,2,"Redbridge, Lambeth"
143245787,2,"Redbridge, Hackney"
145322841,2,"Redbridge, Westminster"
98155984,2,"Redbridge, Hackney"
37317235,2,"Redbridge, Lambeth"
8138227,2,"Redbridge, Islington"
17750777,2,"Redbridge, Westminster"
265831969,2,"Redbridge, Tower_Hamlets"
266042527,2,"Redbridge, Tower_Hamlets"
16677904,2,"Hounslow, Hammersmith_and_Fulham"
3838050,2,"Hounslow, Hammersmith_and_Fulham"
8271673,2,"Hounslow, Hammersmith_and_Fulham"
22979633,2,"Hounslow, Hammersmith_and_Fulham"
65128735,2,"Hounslow, Kensington_and_Chelsea"
1674201,2,"Hounslow, Hammersmith_and_Fulham"
125392965,2,"Hounslow, Hammersmith_and_Fulham"
116510596,2,"Hounslow, Hammersmith_and_Fulham"
29211630,2,"Hounslow, Hammersmith_and_Fulham"
152788806,2,"Hounslow, Lambeth"
230794940,2,"Hounslow, Hackney"
135373280,2,"Hounslow, Hammersmith_and_Fulham"
28574848,2,"Hounslow, Hammersmith_and_Fulham"
2938071,2,"Hounslow, Hammersmith_and_Fulham"
32886148,2,"Hounslow, Hammersmith_and_Fulham"
77357404,2,"Croydon, Hammersmith_and_Fulham"
14050397,2,"Croydon, Lambeth"
8278050,2,"Croydon, Kensington_and_Chelsea"
41146181,2,"Croydon, Lambeth"
130740775,2,"Croydon, Southwark"
14639787,2,"Croydon, Camden"
152366884,2,"Croydon, Hammersmith_and_Fulham"
138990841,2,"Croydon, Wandsworth"
158025931,2,"Croydon, Lambeth"
186720149,2,"Croydon, Wandsworth"
33306948,2,"Croydon, Wandsworth"
16100354,2,"Croydon, Wandsworth"
18846179,2,"Croydon, Lambeth"
491286,2,"Croydon, Kensington_and_Chelsea"
227657333,2,"Croydon, Lambeth"
12143319,2,"Croydon, Lambeth"
7893686,2,"Richmond_upon_Thames, Westminster"
19959228,2,"Richmond_upon_Thames, Westminster"
45894376,2,"Richmond_upon_Thames, Lambeth"
82284136,2,"Richmond_upon_Thames, Kensington_and_Chelsea"
43166496,2,"Richmond_upon_Thames, Westminster"
6555892,2,"Richmond_upon_Thames, Wandsworth"
5297554,2,"Richmond_upon_Thames, Islington"
524986,2,"Richmond_upon_Thames, Kensington_and_Chelsea"
18732231,2,"Richmond_upon_Thames, Kensington_and_Chelsea"
151429466,2,"Richmond_upon_Thames, Wandsworth"
175163507,2,"Richmond_upon_Thames, Hammersmith_and_Fulham"
3095896,2,"Richmond_upon_Thames, Hammersmith_and_Fulham"
242453736,2,"Richmond_upon_Thames, Hammersmith_and_Fulham"
18828230,2,"Richmond_upon_Thames, Wandsworth"
247194961,2,"Richmond_upon_Thames, Tower_Hamlets"
139218703,2,"Richmond_upon_Thames, Wandsworth"
72135649,2,"Waltham_Forest, Hackney"
62956417,2,"Waltham_Forest, Islington"
11263398,2,"Waltham_Forest, Hackney"
109613892,2,"Waltham_Forest, Islington"
79501201,2,"Waltham_Forest, Westminster"
221325468,2,"Waltham_Forest, Hackney"
2350487,2,"Waltham_Forest, Camden"
6528202,2,"Waltham_Forest, Tower_Hamlets"
696065,2,"Waltham_Forest, Hackney"
243879215,2,"Waltham_Forest, Hammersmith_and_Fulham"
235246917,2,"Waltham_Forest, Hackney"
241446579,2,"Waltham_Forest, Southwark"
88444702,2,"Waltham_Forest, Hammersmith_and_Fulham"
76075364,2,"Waltham_Forest, Camden"
26110958,2,"Merton, Hammersmith_and_Fulham"
28733969,2,"Merton, Wandsworth"
62245878,2,"Merton, Wandsworth"
34766598,2,"Merton, Wandsworth"
19505366,2,"Merton, Westminster"
71989399,2,"Merton, Lambeth"
35690488,2,"Merton, Wandsworth"
38627538,2,"Merton, Wandsworth"
21133079,2,"Merton, Wandsworth"
6488465,2,"Merton, Southwark"
31836943,2,"Merton, Southwark"
36643461,2,"Merton, Wandsworth"
1954988,2,"Merton, Wandsworth"
42748081,2,"Merton, Wandsworth"
97743864,2,"Merton, Westminster"
2719822,2,"Merton, Wandsworth"
9886126,2,"Merton, Wandsworth"
87234517,2,"Merton, Wandsworth"
216841452,2,"Merton, Islington"
124183909,2,"Merton, Wandsworth"
98382419,2,"Merton, Wandsworth"
22500293,2,"Merton, Wandsworth"
7604615,2,"Merton, Wandsworth"
506680,2,"Merton, Wandsworth"
35176812,2,"Merton, Wandsworth"
36845435,2,"Merton, Westminster"
22024277,2,"Merton, Kensington_and_Chelsea"
41633333,2,"Barnet, Camden"
6977302,2,"Barnet, Southwark"
69083203,2,"Barnet, Westminster"
82986434,2,"Barnet, Westminster"
37979616,2,"Barnet, Tower_Hamlets"
6175248,2,"Barnet, Wandsworth"
130413079,2,"Barnet, Westminster"
132853716,2,"Barnet, Camden"
64995499,2,"Barnet, Camden"
129414545,2,"Barnet, Islington"
21463008,2,"Barnet, Westminster"
37504333,2,"Barnet, Westminster"
90277845,2,"Barnet, Southwark"
95539517,2,"Barnet, Tower_Hamlets"
81617053,2,"Barnet, Camden"
17453098,2,"Barnet, Camden"
185130544,2,"Barnet, Westminster"
18988852,2,"Barnet, Southwark"
160286641,2,"Barnet, Tower_Hamlets"
28549500,2,"Barnet, Westminster"
8499620,2,"Barnet, Hammersmith_and_Fulham"
196685114,2,"Barnet, Camden"
238301111,2,"Barnet, Islington"
223329904,2,"Barnet, Westminster"
231266159,2,"Barnet, Westminster"
15222435,2,"Barnet, Islington"
41458996,2,"Barnet, Camden"
17862228,2,"Barnet, Camden"
4224824,2,"Greenwich, Tower_Hamlets"
76201523,2,"Greenwich, Tower_Hamlets"
20325559,2,"Greenwich, Islington"
72126189,2,"Greenwich, Tower_Hamlets"
44618273,2,"Greenwich, Westminster"
40153345,2,"Greenwich, Southwark"
9924788,2,"Greenwich, Tower_Hamlets"
9240658,2,"Greenwich, Tower_Hamlets"
146103192,2,"Greenwich, Hammersmith_and_Fulham"
12291293,2,"Greenwich, Southwark"
14443313,2,"Greenwich, Southwark"
7933107,2,"Greenwich, Southwark"
185837214,2,"Greenwich, Wandsworth"
156025839,2,"Greenwich, Camden"
42765585,2,"Greenwich, Tower_Hamlets"
43648042,2,"Greenwich, Westminster"
211088629,2,"Greenwich, Tower_Hamlets"
218202905,2,"Greenwich, Southwark"
98716726,2,"Greenwich, Westminster"
7469815,2,"Greenwich, Lambeth"
21455826,2,"Greenwich, Southwark"
110980809,2,"Greenwich, Lambeth"
58977643,2,"Greenwich, Lambeth"
93759318,2,"Greenwich, Tower_Hamlets"
265438243,2,"Greenwich, Southwark"
3694937,2,"Greenwich, Southwark"
28444620,2,"Greenwich, Tower_Hamlets"
3217459,2,"Greenwich, Camden"
6318925,2,"Ealing, Hammersmith_and_Fulham"
66715692,2,"Ealing, Hammersmith_and_Fulham"
6882329,2,"Ealing, Kensington_and_Chelsea"
88112967,2,"Ealing, Kensington_and_Chelsea"
58687144,2,"Ealing, Hammersmith_and_Fulham"
97366090,2,"Ealing, Hammersmith_and_Fulham"
2298412,2,"Ealing, Westminster"
16999020,2,"Ealing, Westminster"
3739313,2,"Ealing, Hammersmith_and_Fulham"
36948057,2,"Ealing, Westminster"
60276291,2,"Ealing, Southwark"
157610816,2,"Ealing, Hammersmith_and_Fulham"
57359823,2,"Ealing, Hammersmith_and_Fulham"
110653225,2,"Ealing, Hammersmith_and_Fulham"
12261256,2,"Ealing, Westminster"
18133246,2,"Ealing, Hammersmith_and_Fulham"
194712029,2,"Ealing, Westminster"
156429426,2,"Ealing, Hammersmith_and_Fulham"
30396011,2,"Ealing, Hammersmith_and_Fulham"
150727621,2,"Ealing, Hammersmith_and_Fulham"
66005856,2,"Ealing, Tower_Hamlets"
20014555,2,"Ealing, Hammersmith_and_Fulham"
10797574,2,"Ealing, Hammersmith_and_Fulham"
11955032,2,"Ealing, Camden"
236165182,2,"Ealing, Hammersmith_and_Fulham"
204192855,2,"Ealing, Hammersmith_and_Fulham"
1806594,2,"Ealing, Kensington_and_Chelsea"
209236576,2,"Ealing, Hammersmith_and_Fulham"
117409644,2,"Ealing, Westminster"
34686062,2,"Ealing, Hammersmith_and_Fulham"
1908992,2,"Ealing, Lambeth"
16471460,2,"Ealing, Hammersmith_and_Fulham"
36950764,2,"Ealing, Camden"
47185367,2,"Ealing, Kensington_and_Chelsea"
15754476,2,"Ealing, Hackney"
69853791,2,"Newham, Tower_Hamlets"
56104,2,"Newham, Camden"
18371977,2,"Newham, Tower_Hamlets"
85525912,2,"Newham, Tower_Hamlets"
13840941,2,"Newham, Islington"
2272296,2,"Newham, Tower_Hamlets"
6712883,2,"Newham, Hackney"
112837420,2,"Newham, Tower_Hamlets"
135166546,2,"Newham, Tower_Hamlets"
8747584,2,"Newham, Hackney"
7954041,2,"Newham, Southwark"
14171550,2,"Newham, Tower_Hamlets"
185830839,2,"Newham, Tower_Hamlets"
99203458,2,"Newham, Tower_Hamlets"
42456753,2,"Newham, Tower_Hamlets"
195223790,2,"Newham, Tower_Hamlets"
142448518,2,"Newham, Tower_Hamlets"
33657365,2,"Newham, Tower_Hamlets"
1602839,2,"Newham, Tower_Hamlets"
213343423,2,"Newham, Tower_Hamlets"
39827940,2,"Newham, Tower_Hamlets"
180857400,2,"Newham, Camden"
153672910,2,"Newham, Tower_Hamlets"
222538396,2,"Newham, Wandsworth"
227795479,2,"Newham, Tower_Hamlets"
229273795,2,"Newham, Westminster"
124853723,2,"Newham, Camden"
150998393,2,"Newham, Tower_Hamlets"
227700884,2,"Newham, Wandsworth"
6918494,2,"Newham, Westminster"
178599005,2,"Newham, Tower_Hamlets"
107689134,2,"Newham, Westminster"
65910760,2,"Newham, Tower_Hamlets"
84682616,2,"Newham, Tower_Hamlets"
110034443,2,"Newham, Tower_Hamlets"
213144640,2,"Newham, Islington"
45985758,2,"Newham, Tower_Hamlets"
48894093,2,"Newham, Tower_Hamlets"
49316540,2,"Newham, Westminster"
272799077,2,"Newham, Tower_Hamlets"
273428756,2,"Newham, Tower_Hamlets"
32251174,2,"Newham, Camden"
223384034,2,"Newham, Tower_Hamlets"
28576492,2,"Newham, Hackney"
47454492,2,"Newham, Wandsworth"
3254049,2,"Haringey, Hackney"
8051747,2,"Haringey, Hackney"
21902938,2,"Haringey, Camden"
31712697,2,"Haringey, Tower_Hamlets"
8512048,2,"Haringey, Islington"
92866430,2,"Haringey, Camden"
50400563,2,"Haringey, Kensington_and_Chelsea"
47887561,2,"Haringey, Islington"
43870330,2,"Haringey, Islington"
21477032,2,"Haringey, Tower_Hamlets"
10302218,2,"Haringey, Camden"
44181175,2,"Haringey, Hackney"
3497560,2,"Haringey, Hackney"
17939749,2,"Haringey, Westminster"
38283091,2,"Haringey, Southwark"
40284837,2,"Haringey, Westminster"
130889702,2,"Haringey, Tower_Hamlets"
208329268,2,"Haringey, Islington"
207612711,2,"Haringey, Westminster"
215666346,2,"Haringey, Hackney"
55309822,2,"Haringey, Tower_Hamlets"
231142817,2,"Haringey, Westminster"
14096542,2,"Haringey, Wandsworth"
71937679,2,"Haringey, Hackney"
235409970,2,"Haringey, Hackney"
72432957,2,"Haringey, Lambeth"
198424387,2,"Haringey, Hammersmith_and_Fulham"
252145424,2,"Haringey, Islington"
99940779,2,"Haringey, Hackney"
12754357,2,"Haringey, Westminster"
7366484,2,"Haringey, Islington"
85666129,2,"Haringey, Islington"
28300304,2,"Haringey, Hackney"
13402224,2,"Haringey, Islington"
131322692,2,"Haringey, Islington"
48584117,2,"Haringey, Hackney"
7160999,2,"Haringey, Islington"
7361844,2,"Haringey, Islington"
27208400,2,"Haringey, Tower_Hamlets"
8636961,2,"Haringey, Hackney"
33291130,2,"Lewisham, Lambeth"
10895641,2,"Lewisham, Southwark"
1482955,2,"Lewisham, Westminster"
5559164,2,"Lewisham, Tower_Hamlets"
25108004,2,"Lewisham, Tower_Hamlets"
5900613,2,"Lewisham, Hackney"
143935725,2,"Lewisham, Islington"
131287106,2,"Lewisham, Southwark"
77406573,2,"Lewisham, Southwark"
2862022,2,"Lewisham, Southwark"
7413212,2,"Lewisham, Hammersmith_and_Fulham"
100534638,2,"Lewisham, Southwark"
5660292,2,"Lewisham, Southwark"
4511944,2,"Lewisham, Southwark"
182552213,2,"Lewisham, Southwark"
61524904,2,"Lewisham, Westminster"
88455206,2,"Lewisham, Southwark"
76378246,2,"Lewisham, Southwark"
1438437,2,"Lewisham, Southwark"
213518573,2,"Lewisham, Southwark"
2334345,2,"Lewisham, Hackney"
90008957,2,"Lewisham, Southwark"
107639360,2,"Lewisham, Southwark"
68901113,2,"Lewisham, Tower_Hamlets"
58767616,2,"Lewisham, Tower_Hamlets"
12231369,2,"Lewisham, Southwark"
250071424,2,"Lewisham, Southwark"
273538155,2,"Lewisham, Southwark"
3026698,2,"Lewisham, Hammersmith_and_Fulham"
31399710,2,"Lewisham, Westminster"
33010244,2,"Lewisham, Lambeth"
34733244,2,"Lewisham, Islington"
27921503,2,"Lewisham, Southwark"
28930849,2,"Brent, Lambeth"
17624809,2,"Brent, Kensington_and_Chelsea"
67426443,2,"Brent, Camden"
74476876,2,"Brent, Islington"
41653416,2,"Brent, Camden"
10321483,2,"Brent, Hammersmith_and_Fulham"
42196342,2,"Brent, Westminster"
5471237,2,"Brent, Kensington_and_Chelsea"
9537730,2,"Brent, Westminster"
82061647,2,"Brent, Camden"
36730550,2,"Brent, Kensington_and_Chelsea"
9426008,2,"Brent, Westminster"
2219804,2,"Brent, Westminster"
73726617,2,"Brent, Camden"
8766191,2,"Brent, Westminster"
87868427,2,"Brent, Camden"
84065638,2,"Brent, Westminster"
4138187,2,"Brent, Kensington_and_Chelsea"
130442732,2,"Brent, Camden"
10431475,2,"Brent, Camden"
27909291,2,"Brent, Westminster"
1139308,2,"Brent, Wandsworth"
8387816,2,"Brent, Kensington_and_Chelsea"
158029757,2,"Brent, Camden"
20716669,2,"Brent, Kensington_and_Chelsea"
87586246,2,"Brent, Camden"
124415661,2,"Brent, Hammersmith_and_Fulham"
6436429,2,"Brent, Westminster"
6387534,2,"Brent, Hammersmith_and_Fulham"
173623390,2,"Brent, Westminster"
4086714,2,"Brent, Camden"
8239621,2,"Brent, Camden"
15150818,2,"Brent, Camden"
58055229,2,"Brent, Westminster"
185539980,2,"Brent, Westminster"
20620588,2,"Brent, Kensington_and_Chelsea"
57166466,2,"Brent, Westminster"
133035946,2,"Brent, Lambeth"
217272417,2,"Brent, Westminster"
41558011,2,"Brent, Southwark"
237086386,2,"Brent, Hammersmith_and_Fulham"
239458748,2,"Brent, Camden"
120644707,2,"Brent, Tower_Hamlets"
203310603,2,"Brent, Westminster"
61550170,2,"Brent, Westminster"
227028679,2,"Brent, Hammersmith_and_Fulham"
246247716,2,"Brent, Kensington_and_Chelsea"
87685572,2,"Brent, Westminster"
181996240,2,"Brent, Lambeth"
32405435,2,"Brent, Camden"
14238741,2,"Brent, Hammersmith_and_Fulham"
260062909,2,"Brent, Camden"
65799990,2,"Brent, Westminster"
212073692,2,"Brent, Islington"
12350932,2,"Brent, Westminster"
245525538,2,"Brent, Camden"
272875819,2,"Brent, Kensington_and_Chelsea"
25979930,2,"Brent, Camden"
31155883,2,"Brent, Hammersmith_and_Fulham"
4038832,2,"Brent, Westminster"
56374442,2,"Hammersmith_and_Fulham, Wandsworth"
24292972,2,"Hammersmith_and_Fulham, Kensington_and_Chelsea"
27527734,2,"Hammersmith_and_Fulham, Tower_Hamlets"
3723289,2,"Hammersmith_and_Fulham, Kensington_and_Chelsea"
52518044,2,"Hammersmith_and_Fulham, Wandsworth"
10207220,2,"Hammersmith_and_Fulham, Lambeth"
7541130,2,"Hammersmith_and_Fulham, Islington"
91249905,2,"Hammersmith_and_Fulham, Wandsworth"
36743491,2,"Hammersmith_and_Fulham, Wandsworth"
19322410,2,"Hammersmith_and_Fulham, Westminster"
22322810,2,"Hammersmith_and_Fulham, Wandsworth"
505353,2,"Hammersmith_and_Fulham, Kensington_and_Chelsea"
22320595,2,"Hammersmith_and_Fulham, Westminster"
68208776,2,"Hammersmith_and_Fulham, Kensington_and_Chelsea"
18894615,2,"Hammersmith_and_Fulham, Wandsworth"
60726162,2,"Hammersmith_and_Fulham, Kensington_and_Chelsea"
105943673,2,"Hammersmith_and_Fulham, Kensington_and_Chelsea"
34687832,2,"Hammersmith_and_Fulham, Camden"
22837899,2,"Hammersmith_and_Fulham, Hackney"
129398164,2,"Hammersmith_and_Fulham, Kensington_and_Chelsea"
2807665,2,"Hammersmith_and_Fulham, Camden"
10032879,2,"Hammersmith_and_Fulham, Kensington_and_Chelsea"
20154659,2,"Hammersmith_and_Fulham, Kensington_and_Chelsea"
144778097,2,"Hammersmith_and_Fulham, Kensington_and_Chelsea"
7820774,2,"Hammersmith_and_Fulham, Westminster"
157759941,2,"Hammersmith_and_Fulham, Kensington_and_Chelsea"
104771301,2,"Hammersmith_and_Fulham, Westminster"
70300443,2,"Hammersmith_and_Fulham, Lambeth"
148229339,2,"Hammersmith_and_Fulham, Lambeth"
29549588,2,"Hammersmith_and_Fulham, Westminster"
31091337,2,"Hammersmith_and_Fulham, Kensington_and_Chelsea"
71263781,2,"Hammersmith_and_Fulham, Kensington_and_Chelsea"
162573649,2,"Hammersmith_and_Fulham, Kensington_and_Chelsea"
114329917,2,"Hammersmith_and_Fulham, Westminster"
16280212,2,"Hammersmith_and_Fulham, Kensington_and_Chelsea"
136482864,2,"Hammersmith_and_Fulham, Camden"
66116139,2,"Hammersmith_and_Fulham, Camden"
7547026,2,"Hammersmith_and_Fulham, Westminster"
78595071,2,"Hammersmith_and_Fulham, Tower_Hamlets"
6401472,2,"Hammersmith_and_Fulham, Lambeth"
27421077,2,"Hammersmith_and_Fulham, Lambeth"
2769968,2,"Hammersmith_and_Fulham, Kensington_and_Chelsea"
84833745,2,"Hammersmith_and_Fulham, Camden"
195127495,2,"Hammersmith_and_Fulham, Westminster"
9846855,2,"Hammersmith_and_Fulham, Kensington_and_Chelsea"
200098060,2,"Hammersmith_and_Fulham, Westminster"
39470410,2,"Hammersmith_and_Fulham, Kensington_and_Chelsea"
13697741,2,"Hammersmith_and_Fulham, Lambeth"
201301401,2,"Hammersmith_and_Fulham, Kensington_and_Chelsea"
205946612,2,"Hammersmith_and_Fulham, Westminster"
82812494,2,"Hammersmith_and_Fulham, Westminster"
213026636,2,"Hammersmith_and_Fulham, Lambeth"
2659050,2,"Hammersmith_and_Fulham, Islington"
22250818,2,"Hammersmith_and_Fulham, Kensington_and_Chelsea"
12565141,2,"Hammersmith_and_Fulham, Wandsworth"
216065761,2,"Hammersmith_and_Fulham, Wandsworth"
113228727,2,"Hammersmith_and_Fulham, Wandsworth"
172612519,2,"Hammersmith_and_Fulham, Westminster"
60995869,2,"Hammersmith_and_Fulham, Westminster"
27405122,2,"Hammersmith_and_Fulham, Westminster"
220978054,2,"Hammersmith_and_Fulham, Camden"
188278470,2,"Hammersmith_and_Fulham, Tower_Hamlets"
30523427,2,"Hammersmith_and_Fulham, Westminster"
54386473,2,"Hammersmith_and_Fulham, Westminster"
228507575,2,"Hammersmith_and_Fulham, Islington"
127876181,2,"Hammersmith_and_Fulham, Wandsworth"
47504710,2,"Hammersmith_and_Fulham, Wandsworth"
223311103,2,"Hammersmith_and_Fulham, Kensington_and_Chelsea"
215035172,2,"Hammersmith_and_Fulham, Kensington_and_Chelsea"
79959090,2,"Hammersmith_and_Fulham, Westminster"
16812101,2,"Hammersmith_and_Fulham, Kensington_and_Chelsea"
49170765,2,"Hammersmith_and_Fulham, Lambeth"
41572178,2,"Hammersmith_and_Fulham, Tower_Hamlets"
173664200,2,"Hammersmith_and_Fulham, Camden"
4544731,2,"Hammersmith_and_Fulham, Kensington_and_Chelsea"
235021417,2,"Hammersmith_and_Fulham, Kensington_and_Chelsea"
230350247,2,"Hammersmith_and_Fulham, Tower_Hamlets"
87473341,2,"Hammersmith_and_Fulham, Kensington_and_Chelsea"
128708097,2,"Hammersmith_and_Fulham, Kensington_and_Chelsea"
255809164,2,"Hammersmith_and_Fulham, Islington"
253835343,2,"Hammersmith_and_Fulham, Westminster"
5281536,2,"Hammersmith_and_Fulham, Tower_Hamlets"
116190973,2,"Hammersmith_and_Fulham, Lambeth"
219700437,2,"Hammersmith_and_Fulham, Tower_Hamlets"
257733503,2,"Hammersmith_and_Fulham, Southwark"
19207260,2,"Hammersmith_and_Fulham, Southwark"
1907422,2,"Hammersmith_and_Fulham, Hackney"
260115953,2,"Hammersmith_and_Fulham, Kensington_and_Chelsea"
119226808,2,"Hammersmith_and_Fulham, Kensington_and_Chelsea"
234965902,2,"Hammersmith_and_Fulham, Kensington_and_Chelsea"
229057559,2,"Hammersmith_and_Fulham, Islington"
15353323,2,"Hammersmith_and_Fulham, Kensington_and_Chelsea"
16364279,2,"Hammersmith_and_Fulham, Westminster"
196429482,2,"Hammersmith_and_Fulham, Kensington_and_Chelsea"
10199318,2,"Hammersmith_and_Fulham, Kensington_and_Chelsea"
4787208,2,"Hammersmith_and_Fulham, Kensington_and_Chelsea"
10290477,2,"Hammersmith_and_Fulham, Lambeth"
24851572,2,"Hammersmith_and_Fulham, Westminster"
26103207,2,"Hammersmith_and_Fulham, Wandsworth"
2229160,2,"Hammersmith_and_Fulham, Kensington_and_Chelsea"
9054223,2,"Hammersmith_and_Fulham, Wandsworth"
38057031,2,"Hammersmith_and_Fulham, Kensington_and_Chelsea"
35902113,2,"Hammersmith_and_Fulham, Westminster"
2294295,2,"Hammersmith_and_Fulham, Wandsworth"
10505514,2,"Hammersmith_and_Fulham, Wandsworth"
569485,2,"Hammersmith_and_Fulham, Tower_Hamlets"
3661951,2,"Hammersmith_and_Fulham, Westminster"
32176702,2,"Wandsworth, Lambeth"
42868684,2,"Wandsworth, Tower_Hamlets"
35302377,2,"Wandsworth, Lambeth"
73069195,2,"Wandsworth, Southwark"
42313622,2,"Wandsworth, Camden"
34044060,2,"Wandsworth, Lambeth"
87791326,2,"Wandsworth, Lambeth"
14690500,2,"Wandsworth, Southwark"
99857523,2,"Wandsworth, Kensington_and_Chelsea"
107125873,2,"Wandsworth, Hackney"
91964248,2,"Wandsworth, Lambeth"
24524003,2,"Wandsworth, Westminster"
36197606,2,"Wandsworth, Kensington_and_Chelsea"
121020000,2,"Wandsworth, Kensington_and_Chelsea"
124193432,2,"Wandsworth, Lambeth"
125155562,2,"Wandsworth, Lambeth"
871182,2,"Wandsworth, Lambeth"
52746913,2,"Wandsworth, Kensington_and_Chelsea"
20920112,2,"Wandsworth, Westminster"
15487631,2,"Wandsworth, Lambeth"
1589150,2,"Wandsworth, Lambeth"
51479631,2,"Wandsworth, Westminster"
15690702,2,"Wandsworth, Westminster"
24083288,2,"Wandsworth, Tower_Hamlets"
1944986,2,"Wandsworth, Lambeth"
1553252,2,"Wandsworth, Lambeth"
141653979,2,"Wandsworth, Lambeth"
162355528,2,"Wandsworth, Kensington_and_Chelsea"
132377769,2,"Wandsworth, Lambeth"
15316850,2,"Wandsworth, Westminster"
98629531,2,"Wandsworth, Lambeth"
91831842,2,"Wandsworth, Tower_Hamlets"
8507380,2,"Wandsworth, Westminster"
174401836,2,"Wandsworth, Kensington_and_Chelsea"
30160044,2,"Wandsworth, Westminster"
668617,2,"Wandsworth, Westminster"
70311981,2,"Wandsworth, Lambeth"
206090844,2,"Wandsworth, Hackney"
206341269,2,"Wandsworth, Tower_Hamlets"
7232822,2,"Wandsworth, Kensington_and_Chelsea"
11736183,2,"Wandsworth, Westminster"
186317165,2,"Wandsworth, Camden"
155053619,2,"Wandsworth, Kensington_and_Chelsea"
52806099,2,"Wandsworth, Lambeth"
21241056,2,"Wandsworth, Lambeth"
19494073,2,"Wandsworth, Islington"
214317522,2,"Wandsworth, Lambeth"
224599282,2,"Wandsworth, Lambeth"
63217499,2,"Wandsworth, Lambeth"
77088258,2,"Wandsworth, Westminster"
3543309,2,"Wandsworth, Lambeth"
50031020,2,"Wandsworth, Lambeth"
6565471,2,"Wandsworth, Lambeth"
105758752,2,"Wandsworth, Westminster"
194879166,2,"Wandsworth, Westminster"
153291643,2,"Wandsworth, Camden"
28042054,2,"Wandsworth, Lambeth"
258976089,2,"Wandsworth, Hackney"
43290126,2,"Wandsworth, Lambeth"
42755215,2,"Wandsworth, Camden"
256382070,2,"Wandsworth, Kensington_and_Chelsea"
264461726,2,"Wandsworth, Islington"
24311463,2,"Wandsworth, Kensington_and_Chelsea"
1123328,2,"Wandsworth, Kensington_and_Chelsea"
49202652,2,"Wandsworth, Tower_Hamlets"
1429305,2,"Wandsworth, Westminster"
23841281,2,"Wandsworth, Lambeth"
28234330,2,"Wandsworth, Westminster"
973599,2,"Wandsworth, Kensington_and_Chelsea"
11872025,2,"Wandsworth, Tower_Hamlets"
36641258,2,"Wandsworth, Westminster"
37607911,2,"Lambeth, Hackney"
11249260,2,"Lambeth, Hackney"
59643716,2,"Lambeth, Westminster"
3076386,2,"Lambeth, Tower_Hamlets"
2236571,2,"Lambeth, Kensington_and_Chelsea"
26337596,2,"Lambeth, Hackney"
10538721,2,"Lambeth, Camden"
8504722,2,"Lambeth, Southwark"
89059557,2,"Lambeth, Southwark"
39682103,2,"Lambeth, Tower_Hamlets"
24375228,2,"Lambeth, Westminster"
102127106,2,"Lambeth, Kensington_and_Chelsea"
42936959,2,"Lambeth, Southwark"
108128775,2,"Lambeth, Southwark"
110157947,2,"Lambeth, Southwark"
47170742,2,"Lambeth, Southwark"
67890422,2,"Lambeth, Southwark"
40229595,2,"Lambeth, Southwark"
71711599,2,"Lambeth, Southwark"
2346254,2,"Lambeth, Southwark"
1358673,2,"Lambeth, Westminster"
99603629,2,"Lambeth, Westminster"
4182982,2,"Lambeth, Camden"
86658575,2,"Lambeth, Westminster"
781429,2,"Lambeth, Hackney"
74303465,2,"Lambeth, Kensington_and_Chelsea"
140487880,2,"Lambeth, Southwark"
7017012,2,"Lambeth, Hackney"
6836041,2,"Lambeth, Kensington_and_Chelsea"
13026247,2,"Lambeth, Southwark"
24336282,2,"Lambeth, Camden"
47237234,2,"Lambeth, Kensington_and_Chelsea"
140127981,2,"Lambeth, Westminster"
35869787,2,"Lambeth, Westminster"
27483219,2,"Lambeth, Camden"
156443912,2,"Lambeth, Westminster"
39694793,2,"Lambeth, Southwark"
161304755,2,"Lambeth, Southwark"
5796811,2,"Lambeth, Kensington_and_Chelsea"
145764988,2,"Lambeth, Tower_Hamlets"
555427,2,"Lambeth, Southwark"
182162706,2,"Lambeth, Kensington_and_Chelsea"
78763244,2,"Lambeth, Tower_Hamlets"
187338457,2,"Lambeth, Westminster"
143270688,2,"Lambeth, Southwark"
183307648,2,"Lambeth, Westminster"
23109701,2,"Lambeth, Southwark"
58811866,2,"Lambeth, Kensington_and_Chelsea"
194755682,2,"Lambeth, Islington"
3658699,2,"Lambeth, Westminster"
42961040,2,"Lambeth, Southwark"
42492023,2,"Lambeth, Islington"
214964923,2,"Lambeth, Westminster"
21606614,2,"Lambeth, Tower_Hamlets"
220098180,2,"Lambeth, Southwark"
222275307,2,"Lambeth, Westminster"
147889584,2,"Lambeth, Westminster"
5221409,2,"Lambeth, Camden"
22522056,2,"Lambeth, Kensington_and_Chelsea"
127518047,2,"Lambeth, Westminster"
151793506,2,"Lambeth, Westminster"
62892356,2,"Lambeth, Westminster"
177781035,2,"Lambeth, Tower_Hamlets"
4280203,2,"Lambeth, Westminster"
213166452,2,"Lambeth, Tower_Hamlets"
8634111,2,"Lambeth, Southwark"
5771395,2,"Lambeth, Westminster"
230168806,2,"Lambeth, Tower_Hamlets"
215432520,2,"Lambeth, Westminster"
91459644,2,"Lambeth, Westminster"
259390413,2,"Lambeth, Camden"
217562650,2,"Lambeth, Islington"
37439257,2,"Lambeth, Westminster"
227474937,2,"Lambeth, Kensington_and_Chelsea"
224944225,2,"Lambeth, Westminster"
254316603,2,"Lambeth, Camden"
84906732,2,"Lambeth, Southwark"
43566360,2,"Lambeth, Westminster"
50590336,2,"Lambeth, Southwark"
274254068,2,"Lambeth, Westminster"
1857893,2,"Lambeth, Tower_Hamlets"
2198436,2,"Lambeth, Westminster"
2962513,2,"Lambeth, Tower_Hamlets"
2798276,2,"Lambeth, Southwark"
2779363,2,"Lambeth, Southwark"
32118392,2,"Lambeth, Southwark"
215053,2,"Southwark, Hackney"
6987866,2,"Southwark, Tower_Hamlets"
4461562,2,"Southwark, Camden"
13114795,2,"Southwark, Islington"
61995499,2,"Southwark, Tower_Hamlets"
21565389,2,"Southwark, Camden"
75625062,2,"Southwark, Westminster"
19804268,2,"Southwark, Tower_Hamlets"
116194622,2,"Southwark, Westminster"
9224702,2,"Southwark, Islington"
128208601,2,"Southwark, Islington"
95964893,2,"Southwark, Camden"
83898321,2,"Southwark, Tower_Hamlets"
124404743,2,"Southwark, Camden"
25853267,2,"Southwark, Tower_Hamlets"
47402672,2,"Southwark, Westminster"
49687258,2,"Southwark, Islington"
62293087,2,"Southwark, Tower_Hamlets"
28168905,2,"Southwark, Tower_Hamlets"
73163546,2,"Southwark, Westminster"
152230166,2,"Southwark, Camden"
127139160,2,"Southwark, Westminster"
166516719,2,"Southwark, Islington"
18076473,2,"Southwark, Camden"
72566565,2,"Southwark, Westminster"
153866933,2,"Southwark, Westminster"
137688053,2,"Southwark, Tower_Hamlets"
6146502,2,"Southwark, Tower_Hamlets"
19432211,2,"Southwark, Westminster"
167418,2,"Southwark, Hackney"
94159098,2,"Southwark, Kensington_and_Chelsea"
10724585,2,"Southwark, Tower_Hamlets"
37674127,2,"Southwark, Westminster"
31094776,2,"Southwark, Hackney"
252252320,2,"Southwark, Kensington_and_Chelsea"
118826209,2,"Southwark, Tower_Hamlets"
13614233,2,"Southwark, Westminster"
16554414,2,"Southwark, Tower_Hamlets"
21945651,2,"Southwark, Westminster"
265994288,2,"Southwark, Tower_Hamlets"
51982020,2,"Southwark, Westminster"
22605613,2,"Southwark, Tower_Hamlets"
4238453,2,"Southwark, Islington"
18143025,2,"Southwark, Islington"
1674188,2,"Islington, Westminster"
11650014,2,"Islington, Hackney"
47003701,2,"Islington, Camden"
31893506,2,"Islington, Hackney"
11088597,2,"Islington, Hackney"
2046845,2,"Islington, Westminster"
6561185,2,"Islington, Hackney"
1765164,2,"Islington, Hackney"
49195239,2,"Islington, Hackney"
54730,2,"Islington, Hackney"
26126457,2,"Islington, Hackney"
3779475,2,"Islington, Westminster"
82035248,2,"Islington, Hackney"
2879795,2,"Islington, Camden"
28567008,2,"Islington, Westminster"
96133870,2,"Islington, Westminster"
96270773,2,"Islington, Hackney"
8297457,2,"Islington, Westminster"
2181526,2,"Islington, Camden"
66442818,2,"Islington, Camden"
1297283,2,"Islington, Kensington_and_Chelsea"
62368024,2,"Islington, Camden"
105908099,2,"Islington, Camden"
7736553,2,"Islington, Hackney"
41668021,2,"Islington, Westminster"
5264907,2,"Islington, Westminster"
18825280,2,"Islington, Camden"
42470086,2,"Islington, Camden"
2730552,2,"Islington, Tower_Hamlets"
114041206,2,"Islington, Tower_Hamlets"
5541741,2,"Islington, Camden"
24631975,2,"Islington, Tower_Hamlets"
124206144,2,"Islington, Camden"
17036801,2,"Islington, Hackney"
2440352,2,"Islington, Camden"
103671863,2,"Islington, Camden"
9046786,2,"Islington, Hackney"
139301171,2,"Islington, Hackney"
79714461,2,"Islington, Camden"
2125123,2,"Islington, Hackney"
4891291,2,"Islington, Westminster"
13791097,2,"Islington, Camden"
141150995,2,"Islington, Camden"
10511615,2,"Islington, Hackney"
38477447,2,"Islington, Kensington_and_Chelsea"
4505069,2,"Islington, Westminster"
45608108,2,"Islington, Camden"
151892925,2,"Islington, Camden"
57248395,2,"Islington, Camden"
3503937,2,"Islington, Tower_Hamlets"
128605155,2,"Islington, Tower_Hamlets"
2200205,2,"Islington, Hackney"
1868489,2,"Islington, Tower_Hamlets"
60406543,2,"Islington, Camden"
144610956,2,"Islington, Camden"
63630947,2,"Islington, Camden"
1504322,2,"Islington, Westminster"
25144450,2,"Islington, Tower_Hamlets"
118828145,2,"Islington, Westminster"
169885461,2,"Islington, Hackney"
196344680,2,"Islington, Camden"
196551432,2,"Islington, Camden"
124359784,2,"Islington, Westminster"
20110339,2,"Islington, Camden"
5147193,2,"Islington, Camden"
608373,2,"Islington, Camden"
5375403,2,"Islington, Camden"
186993140,2,"Islington, Camden"
210427307,2,"Islington, Camden"
15256836,2,"Islington, Tower_Hamlets"
30273169,2,"Islington, Camden"
3954308,2,"Islington, Westminster"
59874232,2,"Islington, Westminster"
216550961,2,"Islington, Hackney"
14831321,2,"Islington, Hackney"
70494406,2,"Islington, Hackney"
45508183,2,"Islington, Camden"
2603114,2,"Islington, Westminster"
162981508,2,"Islington, Hackney"
61664856,2,"Islington, Camden"
58301821,2,"Islington, Hackney"
227144138,2,"Islington, Camden"
71528423,2,"Islington, Hackney"
117951723,2,"Islington, Tower_Hamlets"
192898144,2,"Islington, Hackney"
200433291,2,"Islington, Kensington_and_Chelsea"
218588759,2,"Islington, Westminster"
1672550,2,"Islington, Hackney"
44052614,2,"Islington, Hackney"
11847855,2,"Islington, Camden"
237147488,2,"Islington, Hackney"
5969878,2,"Islington, Tower_Hamlets"
243450366,2,"Islington, Hackney"
57619117,2,"Islington, Hackney"
230395222,2,"Islington, Westminster"
245940149,2,"Islington, Hackney"
1898279,2,"Islington, Camden"
3624229,2,"Islington, Tower_Hamlets"
49155934,2,"Islington, Camden"
60737283,2,"Islington, Camden"
19989860,2,"Islington, Camden"
45092292,2,"Islington, Camden"
257772935,2,"Islington, Hackney"
258469655,2,"Islington, Camden"
25423352,2,"Islington, Tower_Hamlets"
254492924,2,"Islington, Camden"
260550721,2,"Islington, Camden"
145508863,2,"Islington, Camden"
207324634,2,"Islington, Camden"
49354746,2,"Islington, Tower_Hamlets"
1811471,2,"Islington, Hackney"
60812445,2,"Islington, Camden"
43478396,2,"Islington, Westminster"
1286248,2,"Islington, Hackney"
154809854,2,"Islington, Kensington_and_Chelsea"
223553124,2,"Islington, Camden"
54790939,2,"Islington, Westminster"
273849180,2,"Islington, Camden"
18126408,2,"Islington, Kensington_and_Chelsea"
18799502,2,"Islington, Hackney"
21451738,2,"Islington, Camden"
2124088,2,"Islington, Hackney"
2666480,2,"Islington, Camden"
25252772,2,"Islington, Camden"
510363,2,"Islington, Kensington_and_Chelsea"
35754291,2,"Islington, Tower_Hamlets"
16937720,2,"Islington, Tower_Hamlets"
7088358,2,"Islington, Hackney"
4999188,2,"Islington, Hackney"
24530661,2,"Islington, Camden"
13106574,2,"Islington, Tower_Hamlets"
9559895,2,"Islington, Camden"
1027094,2,"Islington, Tower_Hamlets"
26731756,2,"Islington, Westminster"
3397436,2,"Islington, Camden"
50818241,2,"Islington, Hackney"
51910018,2,"Kensington_and_Chelsea, Camden"
5966390,2,"Kensington_and_Chelsea, Westminster"
493276,2,"Kensington_and_Chelsea, Westminster"
57088420,2,"Kensington_and_Chelsea, Camden"
9917446,2,"Kensington_and_Chelsea, Camden"
13916269,2,"Kensington_and_Chelsea, Westminster"
21129445,2,"Kensington_and_Chelsea, Westminster"
40696728,2,"Kensington_and_Chelsea, Tower_Hamlets"
1444493,2,"Kensington_and_Chelsea, Westminster"
41732546,2,"Kensington_and_Chelsea, Westminster"
3714277,2,"Kensington_and_Chelsea, Camden"
31066062,2,"Kensington_and_Chelsea, Westminster"
12049206,2,"Kensington_and_Chelsea, Westminster"
70559928,2,"Kensington_and_Chelsea, Camden"
70617842,2,"Kensington_and_Chelsea, Camden"
80632481,2,"Kensington_and_Chelsea, Westminster"
16490987,2,"Kensington_and_Chelsea, Camden"
6718950,2,"Kensington_and_Chelsea, Westminster"
96409738,2,"Kensington_and_Chelsea, Westminster"
96649754,2,"Kensington_and_Chelsea, Westminster"
14465076,2,"Kensington_and_Chelsea, Hackney"
648727,2,"Kensington_and_Chelsea, Camden"
102838303,2,"Kensington_and_Chelsea, Westminster"
32789777,2,"Kensington_and_Chelsea, Westminster"
65216928,2,"Kensington_and_Chelsea, Westminster"
86586745,2,"Kensington_and_Chelsea, Westminster"
71307600,2,"Kensington_and_Chelsea, Westminster"
116666068,2,"Kensington_and_Chelsea, Camden"
50392824,2,"Kensington_and_Chelsea, Westminster"
18097574,2,"Kensington_and_Chelsea, Westminster"
78296828,2,"Kensington_and_Chelsea, Westminster"
31952109,2,"Kensington_and_Chelsea, Camden"
120111591,2,"Kensington_and_Chelsea, Tower_Hamlets"
123548209,2,"Kensington_and_Chelsea, Westminster"
1280532,2,"Kensington_and_Chelsea, Westminster"
59016636,2,"Kensington_and_Chelsea, Westminster"
49862883,2,"Kensington_and_Chelsea, Westminster"
12610235,2,"Kensington_and_Chelsea, Westminster"
16965290,2,"Kensington_and_Chelsea, Westminster"
68805718,2,"Kensington_and_Chelsea, Westminster"
132477415,2,"Kensington_and_Chelsea, Westminster"
40327,2,"Kensington_and_Chelsea, Hackney"
105497450,2,"Kensington_and_Chelsea, Westminster"
17837404,2,"Kensington_and_Chelsea, Westminster"
130822559,2,"Kensington_and_Chelsea, Westminster"
5848499,2,"Kensington_and_Chelsea, Hackney"
11334907,2,"Kensington_and_Chelsea, Westminster"
137527286,2,"Kensington_and_Chelsea, Westminster"
3500914,2,"Kensington_and_Chelsea, Camden"
19214346,2,"Kensington_and_Chelsea, Westminster"
14046094,2,"Kensington_and_Chelsea, Westminster"
57102231,2,"Kensington_and_Chelsea, Westminster"
114986362,2,"Kensington_and_Chelsea, Westminster"
135906294,2,"Kensington_and_Chelsea, Camden"
146594021,2,"Kensington_and_Chelsea, Westminster"
7016159,2,"Kensington_and_Chelsea, Westminster"
148189587,2,"Kensington_and_Chelsea, Westminster"
90425431,2,"Kensington_and_Chelsea, Tower_Hamlets"
57656932,2,"Kensington_and_Chelsea, Westminster"
96540976,2,"Kensington_and_Chelsea, Westminster"
2727728,2,"Kensington_and_Chelsea, Westminster"
89161798,2,"Kensington_and_Chelsea, Westminster"
148565514,2,"Kensington_and_Chelsea, Camden"
71098748,2,"Kensington_and_Chelsea, Westminster"
64256849,2,"Kensington_and_Chelsea, Camden"
30274187,2,"Kensington_and_Chelsea, Westminster"
122343179,2,"Kensington_and_Chelsea, Westminster"
9609350,2,"Kensington_and_Chelsea, Westminster"
159550383,2,"Kensington_and_Chelsea, Westminster"
162515915,2,"Kensington_and_Chelsea, Westminster"
155006070,2,"Kensington_and_Chelsea, Westminster"
151356443,2,"Kensington_and_Chelsea, Westminster"
11654201,2,"Kensington_and_Chelsea, Westminster"
71069250,2,"Kensington_and_Chelsea, Westminster"
15368760,2,"Kensington_and_Chelsea, Westminster"
51230835,2,"Kensington_and_Chelsea, Westminster"
41795401,2,"Kensington_and_Chelsea, Westminster"
177397805,2,"Kensington_and_Chelsea, Westminster"
177987796,2,"Kensington_and_Chelsea, Westminster"
125488269,2,"Kensington_and_Chelsea, Westminster"
55082093,2,"Kensington_and_Chelsea, Westminster"
33985517,2,"Kensington_and_Chelsea, Westminster"
168303556,2,"Kensington_and_Chelsea, Westminster"
87756018,2,"Kensington_and_Chelsea, Westminster"
15306472,2,"Kensington_and_Chelsea, Westminster"
30702548,2,"Kensington_and_Chelsea, Westminster"
36901754,2,"Kensington_and_Chelsea, Camden"
76090908,2,"Kensington_and_Chelsea, Camden"
169523585,2,"Kensington_and_Chelsea, Westminster"
146746229,2,"Kensington_and_Chelsea, Westminster"
132059835,2,"Kensington_and_Chelsea, Westminster"
25237433,2,"Kensington_and_Chelsea, Westminster"
196184311,2,"Kensington_and_Chelsea, Westminster"
89115610,2,"Kensington_and_Chelsea, Westminster"
197036940,2,"Kensington_and_Chelsea, Westminster"
4403489,2,"Kensington_and_Chelsea, Westminster"
194051465,2,"Kensington_and_Chelsea, Westminster"
5286456,2,"Kensington_and_Chelsea, Camden"
150557723,2,"Kensington_and_Chelsea, Westminster"
47006048,2,"Kensington_and_Chelsea, Westminster"
24391875,2,"Kensington_and_Chelsea, Westminster"
209492218,2,"Kensington_and_Chelsea, Westminster"
104778872,2,"Kensington_and_Chelsea, Westminster"
5317044,2,"Kensington_and_Chelsea, Westminster"
180112988,2,"Kensington_and_Chelsea, Westminster"
28640613,2,"Kensington_and_Chelsea, Westminster"
10022147,2,"Kensington_and_Chelsea, Westminster"
48149140,2,"Kensington_and_Chelsea, Westminster"
121237614,2,"Kensington_and_Chelsea, Camden"
215821791,2,"Kensington_and_Chelsea, Westminster"
174059234,2,"Kensington_and_Chelsea, Westminster"
159338103,2,"Kensington_and_Chelsea, Tower_Hamlets"
2569925,2,"Kensington_and_Chelsea, Westminster"
205911253,2,"Kensington_and_Chelsea, Westminster"
159068368,2,"Kensington_and_Chelsea, Westminster"
228655358,2,"Kensington_and_Chelsea, Westminster"
228958602,2,"Kensington_and_Chelsea, Westminster"
42991771,2,"Kensington_and_Chelsea, Camden"
19682112,2,"Kensington_and_Chelsea, Camden"
23843893,2,"Kensington_and_Chelsea, Westminster"
229223230,2,"Kensington_and_Chelsea, Westminster"
233698229,2,"Kensington_and_Chelsea, Westminster"
236990824,2,"Kensington_and_Chelsea, Westminster"
10982624,2,"Kensington_and_Chelsea, Westminster"
177334353,2,"Kensington_and_Chelsea, Westminster"
205352004,2,"Kensington_and_Chelsea, Westminster"
137168306,2,"Kensington_and_Chelsea, Westminster"
232786181,2,"Kensington_and_Chelsea, Tower_Hamlets"
186987059,2,"Kensington_and_Chelsea, Westminster"
144545805,2,"Kensington_and_Chelsea, Camden"
829888,2,"Kensington_and_Chelsea, Tower_Hamlets"
233629687,2,"Kensington_and_Chelsea, Westminster"
27436480,2,"Kensington_and_Chelsea, Westminster"
2213565,2,"Kensington_and_Chelsea, Westminster"
238953350,2,"Kensington_and_Chelsea, Westminster"
223974156,2,"Kensington_and_Chelsea, Westminster"
3636203,2,"Kensington_and_Chelsea, Westminster"
39751999,2,"Kensington_and_Chelsea, Tower_Hamlets"
4813934,2,"Kensington_and_Chelsea, Westminster"
249607517,2,"Kensington_and_Chelsea, Westminster"
130414492,2,"Kensington_and_Chelsea, Westminster"
136463206,2,"Kensington_and_Chelsea, Westminster"
44493170,2,"Kensington_and_Chelsea, Westminster"
34197258,2,"Kensington_and_Chelsea, Westminster"
3357385,2,"Kensington_and_Chelsea, Hackney"
174728282,2,"Kensington_and_Chelsea, Westminster"
222186005,2,"Kensington_and_Chelsea, Westminster"
131273629,2,"Kensington_and_Chelsea, Westminster"
135183031,2,"Kensington_and_Chelsea, Westminster"
197427399,2,"Kensington_and_Chelsea, Westminster"
249206042,2,"Kensington_and_Chelsea, Tower_Hamlets"
1356865,2,"Kensington_and_Chelsea, Westminster"
3350030,2,"Kensington_and_Chelsea, Westminster"
260354640,2,"Kensington_and_Chelsea, Westminster"
261072262,2,"Kensington_and_Chelsea, Westminster"
18253957,2,"Kensington_and_Chelsea, Westminster"
25631509,2,"Kensington_and_Chelsea, Westminster"
262406217,2,"Kensington_and_Chelsea, Westminster"
28305814,2,"Kensington_and_Chelsea, Westminster"
265654092,2,"Kensington_and_Chelsea, Westminster"
199762654,2,"Kensington_and_Chelsea, Westminster"
250284307,2,"Kensington_and_Chelsea, Westminster"
166973722,2,"Kensington_and_Chelsea, Westminster"
258196580,2,"Kensington_and_Chelsea, Hackney"
238903426,2,"Kensington_and_Chelsea, Westminster"
266980093,2,"Kensington_and_Chelsea, Westminster"
22327548,2,"Kensington_and_Chelsea, Camden"
265618876,2,"Kensington_and_Chelsea, Westminster"
262420012,2,"Kensington_and_Chelsea, Hackney"
194769,2,"Kensington_and_Chelsea, Westminster"
63620122,2,"Kensington_and_Chelsea, Westminster"
272736547,2,"Kensington_and_Chelsea, Westminster"
100028453,2,"Kensington_and_Chelsea, Westminster"
11843138,2,"Kensington_and_Chelsea, Tower_Hamlets"
272979356,2,"Kensington_and_Chelsea, Westminster"
64285200,2,"Kensington_and_Chelsea, Westminster"
272276723,2,"Kensington_and_Chelsea, Westminster"
22746552,2,"Kensington_and_Chelsea, Tower_Hamlets"
2635161,2,"Kensington_and_Chelsea, Westminster"
24577201,2,"Kensington_and_Chelsea, Westminster"
3172295,2,"Kensington_and_Chelsea, Westminster"
13250409,2,"Kensington_and_Chelsea, Tower_Hamlets"
40220344,2,"Kensington_and_Chelsea, Westminster"
29086855,2,"Kensington_and_Chelsea, Tower_Hamlets"
4280165,2,"Kensington_and_Chelsea, Westminster"
43149442,2,"Kensington_and_Chelsea, Westminster"
46538521,2,"Kensington_and_Chelsea, Westminster"
30201012,2,"Kensington_and_Chelsea, Hackney"
48226558,2,"Kensington_and_Chelsea, Westminster"
40670407,2,"Camden, Westminster"
3582986,2,"Camden, Westminster"
39932852,2,"Camden, Westminster"
57891037,2,"Camden, Westminster"
3681944,2,"Camden, Westminster"
49791467,2,"Camden, Westminster"
4822404,2,"Camden, Westminster"
59874333,2,"Camden, Westminster"
11959147,2,"Camden, Westminster"
25684652,2,"Camden, Westminster"
5656459,2,"Camden, Hackney"
36440500,2,"Camden, Westminster"
1578888,2,"Camden, Westminster"
67564,2,"Camden, Westminster"
46080686,2,"Camden, Westminster"
7701687,2,"Camden, Westminster"
38452566,2,"Camden, Westminster"
50227021,2,"Camden, Westminster"
7297965,2,"Camden, Westminster"
8382272,2,"Camden, Westminster"
19885306,2,"Camden, Westminster"
31408288,2,"Camden, Westminster"
45283200,2,"Camden, Westminster"
60647587,2,"Camden, Westminster"
17732120,2,"Camden, Westminster"
5436806,2,"Camden, Tower_Hamlets"
97962660,2,"Camden, Westminster"
102195444,2,"Camden, Westminster"
107143170,2,"Camden, Westminster"
105923378,2,"Camden, Westminster"
6881701,2,"Camden, Westminster"
2293201,2,"Camden, Westminster"
60042240,2,"Camden, Westminster"
30191909,2,"Camden, Westminster"
17074717,2,"Camden, Westminster"
116655390,2,"Camden, Westminster"
5844923,2,"Camden, Westminster"
2659502,2,"Camden, Westminster"
114011872,2,"Camden, Westminster"
116132183,2,"Camden, Westminster"
100625154,2,"Camden, Westminster"
124703671,2,"Camden, Westminster"
24638186,2,"Camden, Westminster"
10450966,2,"Camden, Westminster"
21029247,2,"Camden, Westminster"
47973652,2,"Camden, Westminster"
64777332,2,"Camden, Westminster"
9874271,2,"Camden, Westminster"
50846493,2,"Camden, Westminster"
127701523,2,"Camden, Westminster"
48315119,2,"Camden, Westminster"
137109848,2,"Camden, Hackney"
10119865,2,"Camden, Westminster"
45503257,2,"Camden, Westminster"
139084186,2,"Camden, Westminster"
14329664,2,"Camden, Tower_Hamlets"
114676251,2,"Camden, Westminster"
15307928,2,"Camden, Tower_Hamlets"
105518461,2,"Camden, Westminster"
2510617,2,"Camden, Westminster"
126728386,2,"Camden, Westminster"
116927148,2,"Camden, Westminster"
148515643,2,"Camden, Westminster"
131452419,2,"Camden, Westminster"
23944253,2,"Camden, Westminster"
154410258,2,"Camden, Westminster"
48975847,2,"Camden, Westminster"
155075872,2,"Camden, Westminster"
159127527,2,"Camden, Westminster"
159698577,2,"Camden, Westminster"
47878604,2,"Camden, Westminster"
129539884,2,"Camden, Westminster"
10370524,2,"Camden, Westminster"
3708703,2,"Camden, Westminster"
21989693,2,"Camden, Westminster"
117754786,2,"Camden, Tower_Hamlets"
34395206,2,"Camden, Westminster"
96307274,2,"Camden, Tower_Hamlets"
76369455,2,"Camden, Westminster"
30758006,2,"Camden, Westminster"
164771249,2,"Camden, Westminster"
6717859,2,"Camden, Westminster"
9946185,2,"Camden, Tower_Hamlets"
5897688,2,"Camden, Westminster"
2831566,2,"Camden, Westminster"
182033164,2,"Camden, Westminster"
146747578,2,"Camden, Tower_Hamlets"
199921927,2,"Camden, Westminster"
11532878,2,"Camden, Hackney"
7337548,2,"Camden, Westminster"
143786358,2,"Camden, Westminster"
14219038,2,"Camden, Westminster"
34509408,2,"Camden, Hackney"
210672763,2,"Camden, Westminster"
25708054,2,"Camden, Westminster"
60103501,2,"Camden, Westminster"
191859134,2,"Camden, Westminster"
34638735,2,"Camden, Westminster"
196769297,2,"Camden, Westminster"
120747970,2,"Camden, Hackney"
188935918,2,"Camden, Tower_Hamlets"
13999196,2,"Camden, Westminster"
222817156,2,"Camden, Westminster"
80367927,2,"Camden, Westminster"
28735954,2,"Camden, Westminster"
225544770,2,"Camden, Westminster"
61530305,2,"Camden, Westminster"
198236135,2,"Camden, Westminster"
26057805,2,"Camden, Westminster"
108000178,2,"Camden, Hackney"
80418784,2,"Camden, Westminster"
200101170,2,"Camden, Westminster"
13627321,2,"Camden, Tower_Hamlets"
231518560,2,"Camden, Westminster"
2672646,2,"Camden, Westminster"
234744723,2,"Camden, Westminster"
69437232,2,"Camden, Westminster"
7834939,2,"Camden, Westminster"
239461831,2,"Camden, Westminster"
230196324,2,"Camden, Westminster"
228516534,2,"Camden, Westminster"
172469889,2,"Camden, Westminster"
7202963,2,"Camden, Westminster"
49472260,2,"Camden, Westminster"
50608687,2,"Camden, Westminster"
220686460,2,"Camden, Westminster"
62895988,2,"Camden, Hackney"
251119540,2,"Camden, Westminster"
244756568,2,"Camden, Westminster"
19044636,2,"Camden, Westminster"
162065945,2,"Camden, Westminster"
127162043,2,"Camden, Westminster"
254514704,2,"Camden, Westminster"
74740436,2,"Camden, Westminster"
185196228,2,"Camden, Hackney"
23607933,2,"Camden, Westminster"
44212075,2,"Camden, Westminster"
202410028,2,"Camden, Westminster"
224607962,2,"Camden, Westminster"
227016685,2,"Camden, Westminster"
262434673,2,"Camden, Westminster"
56331439,2,"Camden, Westminster"
20821639,2,"Camden, Hackney"
180771480,2,"Camden, Westminster"
265550977,2,"Camden, Westminster"
8140171,2,"Camden, Westminster"
259531608,2,"Camden, Hackney"
13449383,2,"Camden, Westminster"
10562022,2,"Camden, Westminster"
255354922,2,"Camden, Westminster"
207718261,2,"Camden, Westminster"
150980675,2,"Camden, Westminster"
253512003,2,"Camden, Westminster"
29426040,2,"Camden, Westminster"
240564365,2,"Camden, Westminster"
23346804,2,"Camden, Westminster"
45612117,2,"Camden, Westminster"
255979155,2,"Camden, Westminster"
15311797,2,"Camden, Westminster"
56581866,2,"Camden, Westminster"
28313938,2,"Camden, Westminster"
265197963,2,"Camden, Westminster"
274167920,2,"Camden, Westminster"
267410862,2,"Camden, Westminster"
26205694,2,"Camden, Westminster"
2122456,2,"Camden, Tower_Hamlets"
34830815,2,"Camden, Hackney"
12661408,2,"Camden, Westminster"
5970915,2,"Camden, Westminster"
5595334,2,"Camden, Westminster"
2136473,2,"Camden, Hackney"
1488969,2,"Camden, Westminster"
5048474,2,"Camden, Westminster"
49547184,2,"Camden, Hackney"
857701,2,"Camden, Westminster"
2915155,2,"Hackney, Westminster"
5149131,2,"Hackney, Tower_Hamlets"
1224038,2,"Hackney, Tower_Hamlets"
12192300,2,"Hackney, Tower_Hamlets"
8830267,2,"Hackney, Tower_Hamlets"
56484140,2,"Hackney, Tower_Hamlets"
92754127,2,"Hackney, Tower_Hamlets"
96841924,2,"Hackney, Tower_Hamlets"
64507690,2,"Hackney, Tower_Hamlets"
55198055,2,"Hackney, Tower_Hamlets"
3765042,2,"Hackney, Tower_Hamlets"
182670,2,"Hackney, Tower_Hamlets"
27787137,2,"Hackney, Tower_Hamlets"
111291126,2,"Hackney, Tower_Hamlets"
1190865,2,"Hackney, Tower_Hamlets"
33282073,2,"Hackney, Tower_Hamlets"
117605590,2,"Hackney, Tower_Hamlets"
2878935,2,"Hackney, Tower_Hamlets"
51657387,2,"Hackney, Westminster"
48939773,2,"Hackney, Tower_Hamlets"
16421941,2,"Hackney, Tower_Hamlets"
136075754,2,"Hackney, Tower_Hamlets"
139320733,2,"Hackney, Tower_Hamlets"
2107017,2,"Hackney, Tower_Hamlets"
140982189,2,"Hackney, Tower_Hamlets"
33322161,2,"Hackney, Tower_Hamlets"
6775734,2,"Hackney, Tower_Hamlets"
40303198,2,"Hackney, Tower_Hamlets"
36520301,2,"Hackney, Westminster"
87343392,2,"Hackney, Tower_Hamlets"
35810606,2,"Hackney, Tower_Hamlets"
65358748,2,"Hackney, Tower_Hamlets"
3039411,2,"Hackney, Tower_Hamlets"
58143804,2,"Hackney, Tower_Hamlets"
15417396,2,"Hackney, Tower_Hamlets"
6308464,2,"Hackney, Tower_Hamlets"
38677674,2,"Hackney, Tower_Hamlets"
5628346,2,"Hackney, Tower_Hamlets"
19174934,2,"Hackney, Tower_Hamlets"
53490072,2,"Hackney, Tower_Hamlets"
31571754,2,"Hackney, Tower_Hamlets"
6466160,2,"Hackney, Tower_Hamlets"
3452114,2,"Hackney, Tower_Hamlets"
166069115,2,"Hackney, Westminster"
219648220,2,"Hackney, Tower_Hamlets"
28203501,2,"Hackney, Tower_Hamlets"
229872558,2,"Hackney, Tower_Hamlets"
2648278,2,"Hackney, Tower_Hamlets"
35376027,2,"Hackney, Tower_Hamlets"
787625,2,"Hackney, Tower_Hamlets"
235273250,2,"Hackney, Westminster"
183481539,2,"Hackney, Tower_Hamlets"
4749966,2,"Hackney, Tower_Hamlets"
31870202,2,"Hackney, Tower_Hamlets"
42153689,2,"Hackney, Westminster"
230608953,2,"Hackney, Tower_Hamlets"
13877898,2,"Hackney, Tower_Hamlets"
33321730,2,"Hackney, Tower_Hamlets"
71544324,2,"Hackney, Tower_Hamlets"
197027271,2,"Hackney, Tower_Hamlets"
54658864,2,"Hackney, Tower_Hamlets"
19849390,2,"Hackney, Tower_Hamlets"
247062728,2,"Hackney, Tower_Hamlets"
18652355,2,"Hackney, Tower_Hamlets"
4400083,2,"Hackney, Tower_Hamlets"
145529346,2,"Hackney, Tower_Hamlets"
12615131,2,"Hackney, Tower_Hamlets"
221541352,2,"Hackney, Tower_Hamlets"
132016054,2,"Hackney, Tower_Hamlets"
2853267,2,"Hackney, Tower_Hamlets"
20886542,2,"Hackney, Tower_Hamlets"
22909514,2,"Hackney, Tower_Hamlets"
499662,2,"Hackney, Tower_Hamlets"
859316,2,"Hackney, Tower_Hamlets"
1751920,2,"Hackney, Tower_Hamlets"
6614842,2,"Hackney, Tower_Hamlets"
5253264,2,"Hackney, Tower_Hamlets"
1365824,2,"Tower_Hamlets, Westminster"
42317502,2,"Tower_Hamlets, Westminster"
133271,2,"Tower_Hamlets, Westminster"
37434837,2,"Tower_Hamlets, Westminster"
118019577,2,"Tower_Hamlets, Westminster"
23331856,2,"Tower_Hamlets, Westminster"
112185686,2,"Tower_Hamlets, Westminster"
172727751,2,"Tower_Hamlets, Westminster"
155863079,2,"Tower_Hamlets, Westminster"
143713552,2,"Tower_Hamlets, Westminster"
1399484,2,"Tower_Hamlets, Westminster"
43452300,2,"Tower_Hamlets, Westminster"
12616268,2,"Tower_Hamlets, Westminster"
51017136,2,"Tower_Hamlets, Westminster"
194230296,2,"Tower_Hamlets, Westminster"
257383261,2,"Tower_Hamlets, Westminster"
39596116,2,"Tower_Hamlets, Westminster"
85856060,2,"Tower_Hamlets, Westminster"
174531717,2,"Tower_Hamlets, Westminster"
271865724,2,"Tower_Hamlets, Westminster"
260208539,2,"Tower_Hamlets, Westminster"
264942350,2,"Tower_Hamlets, Westminster"
9382234,2,"Tower_Hamlets, Westminster"
