from_borough,to_borough,similarity
Enfield,Sutton,0.9975194701250748
Bexley,Enfield,0.9960122398159824
Hammersmith and Fulham,Wandsworth,0.9959879095170224
Enfield,Redbridge,0.9959836037484264
Greenwich,Kingston upon Thames,0.9959596642330204
Greenwich,Sutton,0.9959526385048062
Hackney,Southwark,0.9955984044706012
Bromley,Havering,0.9953018171125204
Croydon,Redbridge,0.9943736799237624
Croydon,Enfield,0.9928118018381876
Camden,Westminster,0.9921949426391372
Islington,Southwark,0.991821109979812
Bexley,Sutton,0.9914958354929186
Redbridge,Sutton,0.991365517814852
Enfield,Greenwich,0.9909542591102208
Bexley,Greenwich,0.9908738695996598
Barking and Dagenham,Sutton,0.9907303342505684
Bexley,Croydon,0.9902917134856092
Kensington and Chelsea,Westminster,0.9900136135377056
Hammersmith and Fulham,Tower Hamlets,0.9897953669130845
Croydon,Hounslow,0.9888977594054672
Barking and Dagenham,Kingston upon Thames,0.9886755128638924
Croydon,Hillingdon,0.9885208904274316
Barking and Dagenham,Greenwich,0.9883844824012672
Harrow,Hillingdon,0.9880051486604386
Kingston upon Thames,Sutton,0.9863199198809508
Havering,Hounslow,0.986070568095128
Bexley,Redbridge,0.9857981016205164
Hillingdon,Hounslow,0.9851316057292222
Tower Hamlets,Wandsworth,0.984902193957432
Southwark,Wandsworth,0.9840448308627652
Croydon,Sutton,0.9820866286782766
Camden,Kensington and Chelsea,0.9810400172090276
Bexley,Hounslow,0.9809478229300028
Tower Hamlets,Westminster,0.9802309038890636
Hackney,Wandsworth,0.9799768169720336
Hackney,Lambeth,0.9795610551108096
Islington,Tower Hamlets,0.9793071162273445
Barking and Dagenham,Enfield,0.9790681770078928
Greenwich,Redbridge,0.976806775237368
Camden,Tower Hamlets,0.9766450274871192
Hackney,Islington,0.9765986453296812
Bexley,Kingston upon Thames,0.9756110787621314
Southwark,Tower Hamlets,0.9755680797372842
Enfield,Kingston upon Thames,0.9754405989616244
Hillingdon,Redbridge,0.9753153799541716
Bexley,Havering,0.973312050498146
Bexley,Bromley,0.972173515753465
Barking and Dagenham,Redbridge,0.9721264139043432
Enfield,Hounslow,0.9716115277322164
Hammersmith and Fulham,Westminster,0.9701062212570788
Bromley,Hounslow,0.96958732995469
Croydon,Greenwich,0.9694705487445432
Hammersmith and Fulham,Southwark,0.9691917239426068
Hounslow,Redbridge,0.967777636501596
Barking and Dagenham,Bexley,0.9662421125930322
Islington,Wandsworth,0.9661376495226224
Enfield,Hillingdon,0.963961940863028
Croydon,Havering,0.9610363583970803
Bexley,Hillingdon,0.9597879036597856
Hackney,Hammersmith and Fulham,0.9591671092736028
Lambeth,Southwark,0.9572331776798626
Brent,Newham,0.9568089744734986
Kingston upon Thames,Redbridge,0.956227327308617
Hackney,Tower Hamlets,0.9556106791694204
Hammersmith and Fulham,Islington,0.9556006022568314
Kingston upon Thames,Merton,0.9550250260174687
Croydon,Harrow,0.95489462823683
Hounslow,Sutton,0.9535264547133668
Lambeth,Wandsworth,0.9532920162222632
Bromley,Greenwich,0.9515507285273284
Harrow,Hounslow,0.9511705218815252
Enfield,Havering,0.951085427160302
Barking and Dagenham,Croydon,0.9493940982573188
Camden,Hammersmith and Fulham,0.9490445204220496
Wandsworth,Westminster,0.9476455034717438
Bromley,Enfield,0.9474128817846116
Bromley,Croydon,0.9468570216715184
Greenwich,Hounslow,0.9458165399360932
Hillingdon,Sutton,0.9439519445919876
Croydon,Kingston upon Thames,0.943604808245778
Havering,Hillingdon,0.9428356006763832
Kensington and Chelsea,Tower Hamlets,0.9426742527620684
Greenwich,Havering,0.9421979944232476
Harrow,Redbridge,0.93993321417037
Bromley,Sutton,0.9371134285341156
Camden,Islington,0.937074341902481
Bromley,Kingston upon Thames,0.9367133448238856
Havering,Sutton,0.9352578726476092
Havering,Redbridge,0.9326861325257884
Hammersmith and Fulham,Kensington and Chelsea,0.9309530388087628
Camden,Wandsworth,0.9278671732488346
Greenwich,Merton,0.9276911156882588
Islington,Westminster,0.924804199598452
Hammersmith and Fulham,Lambeth,0.9244683855246998
Bromley,Redbridge,0.9218481197617554
Greenwich,Hillingdon,0.9213001800684468
Havering,Kingston upon Thames,0.9190418982824952
Barnet,Harrow,0.9175355752004888
Enfield,Harrow,0.9160716427984902
Hounslow,Kingston upon Thames,0.9147243085262384
Bromley,Hillingdon,0.9145426659884004
Islington,Lambeth,0.9134251680624828
Barking and Dagenham,Merton,0.913232889691507
Southwark,Westminster,0.9130772607122672
Camden,Southwark,0.9113405842686182
Bexley,Harrow,0.905496388808154
Barking and Dagenham,Hounslow,0.9037574560156516
Barking and Dagenham,Hillingdon,0.8969974921940057
Kensington and Chelsea,Wandsworth,0.8964982223273379
Lambeth,Tower Hamlets,0.8949633135801217
Barking and Dagenham,Bromley,0.8939567821797855
Merton,Sutton,0.8932723531186476
Harrow,Sutton,0.8893945770047493
Harrow,Havering,0.888721580141533
Barking and Dagenham,Havering,0.8839507661493736
Hillingdon,Kingston upon Thames,0.8827905873941376
Bexley,Merton,0.8827548974848511
Hackney,Westminster,0.8813509063491324
Bromley,Merton,0.8798572441725934
Camden,Hackney,0.8726538644084887
Enfield,Merton,0.8693700721344133
Islington,Kensington and Chelsea,0.8652320915506648
Barnet,Hillingdon,0.858820562825834
Greenwich,Harrow,0.8544552903506427
Merton,Richmond upon Thames,0.8476904671501821
Bromley,Harrow,0.8467112803030297
Kensington and Chelsea,Southwark,0.8465081804279078
Havering,Merton,0.8354051486402357
Barking and Dagenham,Harrow,0.8349102413072459
Ealing,Waltham Forest,0.8290439679422053
Merton,Redbridge,0.8270298654134693
Barnet,Waltham Forest,0.8216692503000541
Croydon,Merton,0.812012862861302
Barnet,Redbridge,0.8088460185834235
Lambeth,Westminster,0.8069417586922893
Hackney,Kensington and Chelsea,0.8062905846575315
Harrow,Kingston upon Thames,0.8052528634860815
Barnet,Croydon,0.7995610697108241
Barnet,Ealing,0.7918516870705296
Hounslow,Merton,0.7884042408293377
Camden,Lambeth,0.7782788484352793
Haringey,Lewisham,0.7766247707820354
Camden,City of London,0.7711273723888636
Ealing,Newham,0.7583316654387713
Barnet,Hounslow,0.7582732749725044
Barnet,Enfield,0.7538298173977047
Bromley,Richmond upon Thames,0.7336620767255084
Barnet,Sutton,0.7293205077454404
Kensington and Chelsea,Lambeth,0.7215452457741643
Brent,Ealing,0.7164642730795288
Hillingdon,Merton,0.7158687159704497
Barnet,Bexley,0.7118405073783197
City of London,Kensington and Chelsea,0.7087402753232238
Lewisham,Waltham Forest,0.6996544189086247
Barking and Dagenham,Barnet,0.694753814990737
City of London,Westminster,0.690846883212563
Kingston upon Thames,Richmond upon Thames,0.6897871460016349
Havering,Richmond upon Thames,0.6694023116041303
City of London,Islington,0.6681777019752883
Barnet,Greenwich,0.6657323378429667
Lambeth,Newham,0.6613503417553922
City of London,Tower Hamlets,0.6556467841352788
Barking and Dagenham,Waltham Forest,0.6527587222044164
Greenwich,Richmond upon Thames,0.651136081154459
Redbridge,Waltham Forest,0.6495016193580287
Barnet,Havering,0.6395239991523696
Harrow,Waltham Forest,0.624502316951278
Bexley,Richmond upon Thames,0.6174412223671952
Brent,Lambeth,0.6097959854616154
Barnet,Kingston upon Thames,0.6096734054433856
Sutton,Waltham Forest,0.6070316895502382
Harrow,Merton,0.6020916622392566
Brent,Hammersmith and Fulham,0.6002577166342523
Enfield,Waltham Forest,0.5932392822748327
Brent,Wandsworth,0.5889193652845541
Hillingdon,Waltham Forest,0.5874767071556245
Croydon,Waltham Forest,0.5816501018621401
Richmond upon Thames,Sutton,0.5807570065123874
Barnet,Bromley,0.5789467427256277
Barking and Dagenham,Richmond upon Thames,0.5783675152293977
City of London,Southwark,0.5691969074674079
Enfield,Richmond upon Thames,0.562305442539289
Newham,Wandsworth,0.5545624402140649
Greenwich,Waltham Forest,0.5469660021866332
City of London,Hammersmith and Fulham,0.5469573878708629
Hounslow,Richmond upon Thames,0.5456654260586861
Hammersmith and Fulham,Newham,0.5400309023025616
Kingston upon Thames,Waltham Forest,0.531852755221706
Bexley,Waltham Forest,0.5191771159173898
City of London,Wandsworth,0.5181240389528335
Hackney,Newham,0.5170173022439254
Croydon,Richmond upon Thames,0.5069913588628995
Brent,Westminster,0.5031501782929041
Brent,Hackney,0.4976043358881729
Brent,Kensington and Chelsea,0.4943265608225838
City of London,Hackney,0.4925359428953875
Redbridge,Richmond upon Thames,0.4860071909915121
Ealing,Harrow,0.4842868151024103
Brent,Tower Hamlets,0.4823777322384571
Lewisham,Newham,0.4757388497957451
Hounslow,Waltham Forest,0.4661712900306998
Brent,Southwark,0.4579909510119137
Newham,Southwark,0.4560795630628415
Newham,Waltham Forest,0.4531108222843219
Haringey,Lambeth,0.447286225187594
Newham,Tower Hamlets,0.415957123004097
Hackney,Haringey,0.4155712941394637
Ealing,Lewisham,0.4085263254292336
Hillingdon,Richmond upon Thames,0.4013875362162728
Brent,Camden,0.3920223602811053
Newham,Westminster,0.3818828734349693
Haringey,Southwark,0.3713522938245496
Ealing,Hillingdon,0.3695062188908231
Brent,Islington,0.3615262294962204
Lambeth,Lewisham,0.3610043389261859
Haringey,Islington,0.3539280153588425
Barnet,Merton,0.3487382178150597
Islington,Newham,0.3432590558661227
Merton,Waltham Forest,0.3422476760788159
Kensington and Chelsea,Newham,0.3365685072786101
Havering,Waltham Forest,0.3346945289714174
Ealing,Redbridge,0.3241469289827663
City of London,Lambeth,0.3075460629860989
Bromley,Waltham Forest,0.3054183596667668
Barking and Dagenham,Lewisham,0.3037627586737762
Croydon,Ealing,0.2845398194169872
Brent,Waltham Forest,0.2808306463871188
Camden,Newham,0.2725373948241761
Haringey,Merton,0.2715552388693258
Harrow,Richmond upon Thames,0.2607032332813143
Ealing,Enfield,0.2388288620148894
Haringey,Wandsworth,0.2264164339647074
Barking and Dagenham,Ealing,0.225549266727711
Haringey,Richmond upon Thames,0.2244190715192758
Ealing,Sutton,0.2230721108616572
Lewisham,Merton,0.2144448547524493
Hackney,Lewisham,0.2105900841508186
Kingston upon Thames,Lewisham,0.2068344908960741
Ealing,Hounslow,0.2043735295907815
Barnet,Newham,0.2023821748907835
Brent,Lewisham,0.1996392106976246
City of London,Richmond upon Thames,0.188866561778115
Lewisham,Sutton,0.1803808644724851
Barnet,Brent,0.1795365435250278
Barnet,Lewisham,0.1692728910154253
Haringey,Tower Hamlets,0.1679794205934197
Bexley,Ealing,0.1642692587642568
Greenwich,Lewisham,0.1600819931613834
Lewisham,Redbridge,0.1482258843892741
Hammersmith and Fulham,Haringey,0.1416256635074293
Haringey,Waltham Forest,0.1381861488993218
Ealing,Greenwich,0.1358329114366917
Enfield,Lewisham,0.1241617467237385
Lewisham,Southwark,0.1241206040491142
Barking and Dagenham,Haringey,0.0858349930608228
Ealing,Kingston upon Thames,0.0850474615143976
Haringey,Kingston upon Thames,0.0768189501100794
Lewisham,Wandsworth,0.0624636526421399
Bexley,Lewisham,0.0511649753305733
Croydon,Lewisham,0.0426371002506291
Ealing,Havering,0.0387111591470081
Haringey,Newham,0.0371905048327254
Islington,Lewisham,0.0343154195907821
Ealing,Lambeth,0.018337846255338
Camden,Haringey,0.0149936357438945
City of London,Haringey,0.0006684373716775
Greenwich,Haringey,-0.0077664668517056
Hammersmith and Fulham,Lewisham,-0.0202608040152366
Haringey,Westminster,-0.0272133437620058
Hillingdon,Lewisham,-0.0287693631426523
Bromley,Ealing,-0.0329163317068987
Haringey,Sutton,-0.0447771845669515
Harrow,Lewisham,-0.047220762759196
Lewisham,Tower Hamlets,-0.0840072193752464
Hounslow,Lewisham,-0.1047530039771753
Ealing,Wandsworth,-0.1115918147266522
Barnet,Richmond upon Thames,-0.1122158287026314
Ealing,Hammersmith and Fulham,-0.1145557330824909
Enfield,Haringey,-0.1149818674876641
Bexley,Haringey,-0.1424129023771888
Haringey,Redbridge,-0.1458006026666409
Bromley,Lewisham,-0.1475739617845643
Lewisham,Richmond upon Thames,-0.1568596380416836
Haringey,Kensington and Chelsea,-0.1626555579658115
Ealing,Hackney,-0.1655435009353755
Havering,Lewisham,-0.176926973752839
Ealing,Merton,-0.1820622598551899
Lambeth,Waltham Forest,-0.1960299812139545
Brent,Harrow,-0.2003230264328312
Harrow,Newham,-0.2028318854011248
Richmond upon Thames,Waltham Forest,-0.2079605323709234
Bromley,Haringey,-0.2176363522396521
Brent,Haringey,-0.2202679454703088
Croydon,Haringey,-0.2310196962095792
Ealing,Southwark,-0.2338982624028216
Ealing,Kensington and Chelsea,-0.2398138837104211
Ealing,Westminster,-0.2419109572950127
Ealing,Haringey,-0.252432071525916
Ealing,Tower Hamlets,-0.2548065085903766
Lewisham,Westminster,-0.2594872731054228
Brent,City of London,-0.2628948853218645
Camden,Lewisham,-0.2935798188106458
Haringey,Havering,-0.2965978906182943
Hillingdon,Newham,-0.3240801092789427
Haringey,Hounslow,-0.3319826865866615
Brent,Hillingdon,-0.3419168326162561
Newham,Redbridge,-0.3431458883483457
Ealing,Islington,-0.3503099140829915
City of London,Merton,-0.3574413178164811
Haringey,Hillingdon,-0.3605065323962099
Camden,Ealing,-0.3606906838499429
Barking and Dagenham,Newham,-0.3791585729944346
Kensington and Chelsea,Lewisham,-0.3835492636447379
Hackney,Waltham Forest,-0.3874818957139316
Bromley,City of London,-0.3889794587679371
Croydon,Newham,-0.3968856305286894
City of London,Newham,-0.4023267103091434
Barnet,Haringey,-0.4127923075357205
Newham,Sutton,-0.4202120777813869
Islington,Richmond upon Thames,-0.4204117339325858
Enfield,Newham,-0.4212059696648166
Brent,Redbridge,-0.4222875716967827
City of London,Havering,-0.4273950096761412
Waltham Forest,Wandsworth,-0.4357612917954449
Brent,Croydon,-0.4471778667049394
Haringey,Harrow,-0.4520484063731152
Camden,Richmond upon Thames,-0.459650692456893
Southwark,Waltham Forest,-0.4711332739462966
Hammersmith and Fulham,Waltham Forest,-0.4760325885697548
Hounslow,Newham,-0.4815478731940261
Greenwich,Newham,-0.492200352868383
Brent,Hounslow,-0.4929505607876092
Bexley,Newham,-0.496007999213554
Brent,Enfield,-0.5017190705241193
Richmond upon Thames,Southwark,-0.5107931234779607
Kingston upon Thames,Newham,-0.5136952183487247
Barking and Dagenham,Brent,-0.515072840440554
Brent,Sutton,-0.5194966045055465
Richmond upon Thames,Tower Hamlets,-0.5424756839009339
Hackney,Richmond upon Thames,-0.5450633578686326
Kensington and Chelsea,Richmond upon Thames,-0.5589127299414044
City of London,Hounslow,-0.5600598970967909
Bexley,Brent,-0.5611783016404501
Richmond upon Thames,Westminster,-0.5664444951650448
City of London,Kingston upon Thames,-0.5722506328325399
Islington,Waltham Forest,-0.5757645404726793
Tower Hamlets,Waltham Forest,-0.5847241402044161
City of London,Lewisham,-0.5856978613587138
Bexley,City of London,-0.5890557278885757
Barnet,Lambeth,-0.59188253716403
Brent,Greenwich,-0.5935119760807421
City of London,Greenwich,-0.5985577584870628
Havering,Newham,-0.6204421971631825
Brent,Havering,-0.6247785575822814
Brent,Kingston upon Thames,-0.6334988729897248
Richmond upon Thames,Wandsworth,-0.6400675965189735
Lambeth,Richmond upon Thames,-0.6446782095489046
Waltham Forest,Westminster,-0.6473894381654536
Hammersmith and Fulham,Richmond upon Thames,-0.6539011634130916
City of London,Enfield,-0.6572944125926765
City of London,Croydon,-0.6602030137565732
City of London,Sutton,-0.6615881481631731
Ealing,Richmond upon Thames,-0.6625174703950955
Merton,Newham,-0.6633322638123523
Bromley,Newham,-0.6705421668241937
Barnet,Kensington and Chelsea,-0.6763822249423187
Barnet,Hammersmith and Fulham,-0.6783859223379066
City of London,Hillingdon,-0.6800585490416227
Kensington and Chelsea,Waltham Forest,-0.6858677976736206
Barnet,Wandsworth,-0.6874230540406744
Barking and Dagenham,City of London,-0.687942882707511
Brent,Bromley,-0.6908657804637746
City of London,Redbridge,-0.7151292637804879
Barnet,Westminster,-0.7218134064707561
City of London,Harrow,-0.7238729025029733
Camden,Waltham Forest,-0.7256246115813739
Islington,Merton,-0.7277132508770985
Barnet,Hackney,-0.7330268641119504
Lambeth,Merton,-0.7389307555256768
Hackney,Merton,-0.7465871634491215
Merton,Southwark,-0.7582443120884187
Barnet,Tower Hamlets,-0.7728444133311569
Barking and Dagenham,Lambeth,-0.7782827940841284
Barnet,Southwark,-0.7787152621425484
Harrow,Kensington and Chelsea,-0.7973947749202815
Barnet,Camden,-0.7977794476287889
Brent,Merton,-0.8052027462301288
Kingston upon Thames,Lambeth,-0.8272531275799647
Camden,Merton,-0.840432585890311
Havering,Kensington and Chelsea,-0.8408045655576375
Merton,Tower Hamlets,-0.8466625528771233
Barnet,Islington,-0.8479565516256217
City of London,Ealing,-0.8479751904206548
Lambeth,Sutton,-0.8520475604602957
Barking and Dagenham,Hackney,-0.8541604448105219
Bromley,Kensington and Chelsea,-0.8546680638674712
Lambeth,Redbridge,-0.859203201812637
Greenwich,Lambeth,-0.8602245376443094
Merton,Wandsworth,-0.8608014205579487
Hillingdon,Kensington and Chelsea,-0.8615920053619056
Harrow,Lambeth,-0.8626585237018591
Hounslow,Kensington and Chelsea,-0.8639115420201425
Harrow,Westminster,-0.8644505690348475
Bromley,Camden,-0.8729304193559767
Hackney,Kingston upon Thames,-0.8742413674323652
Camden,Havering,-0.8775316404415715
Enfield,Lambeth,-0.879026892239381
Barking and Dagenham,Southwark,-0.8883169519519429
Islington,Kingston upon Thames,-0.8895704236549791
Hammersmith and Fulham,Harrow,-0.8901416974714568
Hammersmith and Fulham,Merton,-0.8943986604097178
Kingston upon Thames,Southwark,-0.8961474065763673
Camden,Harrow,-0.8967617448659596
Barnet,City of London,-0.8975316085518008
Merton,Westminster,-0.8999958350700077
Barking and Dagenham,Islington,-0.9009284385163772
Havering,Westminster,-0.904146043264878
Croydon,Lambeth,-0.9065496163379544
Hillingdon,Lambeth,-0.9065686278854376
Harrow,Wandsworth,-0.907427059448024
Bromley,Westminster,-0.9094895525440162
Greenwich,Hackney,-0.910542977990178
Kensington and Chelsea,Merton,-0.9109324135337792
Bexley,Lambeth,-0.9128571531973017
Hackney,Sutton,-0.9167919905767036
Camden,Hounslow,-0.919915108214723
Croydon,Kensington and Chelsea,-0.9209139215532404
Hillingdon,Westminster,-0.9212632220274476
Bromley,Islington,-0.9228259256653208
Hounslow,Westminster,-0.9262309354395069
Greenwich,Islington,-0.9269653900568112
Greenwich,Southwark,-0.9312003765445548
Barking and Dagenham,Wandsworth,-0.9313585601797044
Harrow,Tower Hamlets,-0.9343079666700816
Hackney,Redbridge,-0.9355073974961368
Camden,Hillingdon,-0.936140301013751
Bexley,Kensington and Chelsea,-0.9403214854953454
Enfield,Hackney,-0.941017934595095
Newham,Richmond upon Thames,-0.9421067558496948
Southwark,Sutton,-0.9422765378196332
Hackney,Harrow,-0.943005954911109
Islington,Sutton,-0.9477850120176236
Havering,Islington,-0.949485670504152
Hammersmith and Fulham,Hillingdon,-0.949816075727788
Bromley,Tower Hamlets,-0.9505639298890856
Kensington and Chelsea,Redbridge,-0.9524048240191014
Kingston upon Thames,Wandsworth,-0.9525126058985506
Bexley,Hackney,-0.9575461376692638
Hounslow,Lambeth,-0.958189448979044
Enfield,Kensington and Chelsea,-0.9584130182918204
Barking and Dagenham,Hammersmith and Fulham,-0.9587065896313602
Havering,Tower Hamlets,-0.9587115564975964
Bromley,Southwark,-0.9589272561072946
Camden,Kingston upon Thames,-0.9598357305449786
Hillingdon,Wandsworth,-0.9605721120645704
Harrow,Southwark,-0.962291713330031
Redbridge,Southwark,-0.9626413222265164
Bexley,Camden,-0.9626513278726068
Enfield,Southwark,-0.9631795241320092
Kingston upon Thames,Tower Hamlets,-0.963357713546577
Bexley,Islington,-0.9645927074615352
Croydon,Westminster,-0.9661537388360132
Bromley,Hackney,-0.9665615797825392
Barking and Dagenham,Tower Hamlets,-0.967139974194301
Enfield,Islington,-0.967325846192316
Redbridge,Wandsworth,-0.9673700629289302
Camden,Croydon,-0.9674326093426814
Croydon,Hackney,-0.9676423926896404
Bromley,Lambeth,-0.9687747384778518
Sutton,Wandsworth,-0.9702818909841934
Camden,Greenwich,-0.971549594321068
Bexley,Southwark,-0.9716859294617942
Greenwich,Wandsworth,-0.9725653172762788
Greenwich,Kensington and Chelsea,-0.9728179274662612
Hackney,Hillingdon,-0.9729334294264056
Kensington and Chelsea,Sutton,-0.9754328359846802
Hammersmith and Fulham,Kingston upon Thames,-0.9757793814066472
Hammersmith and Fulham,Redbridge,-0.9758485583279456
Hillingdon,Tower Hamlets,-0.976410087442502
Islington,Redbridge,-0.9768107301138872
Bexley,Westminster,-0.9777535117096404
Kensington and Chelsea,Kingston upon Thames,-0.978532167792236
Hammersmith and Fulham,Hounslow,-0.979622106127919
Havering,Southwark,-0.9799142612903652
Hammersmith and Fulham,Havering,-0.9804121901640028
Enfield,Wandsworth,-0.9808958648002332
Havering,Lambeth,-0.9813522109951112
Hounslow,Tower Hamlets,-0.9817093331106838
Bromley,Hammersmith and Fulham,-0.9821692670912836
Camden,Enfield,-0.9826433992363268
Greenwich,Tower Hamlets,-0.9834428867125432
Croydon,Hammersmith and Fulham,-0.983511601523096
Croydon,Wandsworth,-0.9838390081226602
Redbridge,Westminster,-0.9839901985181472
Harrow,Islington,-0.9847893316424948
Hammersmith and Fulham,Sutton,-0.985798810159956
Croydon,Southwark,-0.9858245094387824
Hackney,Havering,-0.9868202272535488
Camden,Sutton,-0.9872784560281552
Kingston upon Thames,Westminster,-0.9873262651683112
Barking and Dagenham,Camden,-0.9879261627133596
Hounslow,Islington,-0.9884536149623177
Camden,Redbridge,-0.9887579316268732
City of London,Waltham Forest,-0.9887987367267804
Enfield,Westminster,-0.9890731386740892
Bromley,Wandsworth,-0.989148805319073
Hillingdon,Southwark,-0.9892735303104574
Greenwich,Hammersmith and Fulham,-0.9894142743274448
Enfield,Hammersmith and Fulham,-0.9903336847126928
Croydon,Islington,-0.9906065465081364
Hounslow,Wandsworth,-0.9913934063906592
Greenwich,Westminster,-0.9920404244988692
Sutton,Tower Hamlets,-0.9923166906289724
Havering,Wandsworth,-0.9929896831632176
Bexley,Wandsworth,-0.9935206828893672
Hackney,Hounslow,-0.994206983350559
Bexley,Tower Hamlets,-0.9957006924138552
Barking and Dagenham,Kensington and Chelsea,-0.9962448700896686
Redbridge,Tower Hamlets,-0.9966045673614048
Sutton,Westminster,-0.9966390376825096
Brent,Richmond upon Thames,-0.99711231580962
Croydon,Tower Hamlets,-0.9977732190990608
Barking and Dagenham,Westminster,-0.9982759270747508
Enfield,Tower Hamlets,-0.9985569473729036
Bexley,Hammersmith and Fulham,-0.998674264325074
Hounslow,Southwark,-0.9988600272724448
Hillingdon,Islington,-0.999779671619438
