borough,listingCount,entireHomeShare,multiHostShare,multiHostShare2,activeListingsShare,avgReviewsPerMonth,avgAvailability,populationEstimate,householdEstimate,populationDensity,medianIncome,medianHousePrice,newHomes,rentedAssociationRatio,rentedPrivateRatio,transportScore,cyclePerMonth,carsPerHousehold,ownedRatio,netMigration,airbnbPerHousehold,airbnbPerCapita,priceIncomeRatio
Barking and Dagenham,337,0.3115727002967359,0.08902077151335312,0.11275964391691394,0.4658753709198813,0.7413056379821958,162.27893175074183,205773,76841.0,57.3,34080,215000,510.0,35.9,20.3,3.0,6.5,0.8,,1425.0,4.385679520047891,0.0016377270098603802,6.30868544600939
Barnet,1577,0.4204185161699429,0.1699429296131896,0.14267596702599875,0.4559289790741915,0.7203551046290425,135.96512365250476,385108,149147.0,44.5,54530,400000,1320.0,11.1,31.1,3.0,12.1,1.1,,2886.0,10.573461082019753,0.0040949551814036585,7.335411699981662
Bexley,238,0.27310924369747897,0.15546218487394958,0.15966386554621848,0.38235294117647056,0.5122268907563025,177.66806722689077,243303,97233.0,39.9,44430,250000,810.0,15.2,11.4,2.6,9.2,1.2,,1972.0,2.447728651795172,0.0009782041322959438,5.626828719333783
Brent,2472,0.4733009708737864,0.281957928802589,0.18163430420711973,0.5331715210355987,0.9968932038834952,129.0598705501618,328568,119166.0,76.1,39630,385000,1560.0,20.4,34.8,3.7,11.7,0.8,,-215.0,20.744171995367807,0.0075235567675488784,9.714862477920768
Bromley,674,0.42729970326409494,0.18694362017804153,0.06379821958456973,0.44510385756676557,0.6115578635014837,170.56231454005933,326560,139654.0,21.7,55140,335000,410.0,13.2,14.1,2.8,12.2,1.2,,1897.0,4.82621335586521,0.002063939245467908,6.07544432354008
Camden,5968,0.6680630026809652,0.41035522788203754,0.34031501340482573,0.5608243967828418,1.1274028150134048,123.8220509383378,240595,106518.0,109.8,67990,675000,440.0,34.4,32.0,5.7,15.1,0.5,,3498.0,56.02808914925177,0.024805170514765478,9.92793057802618
City of London,466,0.8862660944206009,0.5815450643776824,0.6008583690987125,0.49141630901287553,0.8142060085836911,158.23605150214593,8548,5179.0,28.9,99390,765000,230.0,,25.05,7.9,14.2,0.4,,390.0,89.97876037845144,0.05451567618156294,7.696951403561727
Croydon,1085,0.3474654377880184,0.2064516129032258,0.08110599078341015,0.4626728110599078,0.7750506912442395,150.96682027649769,383408,156979.0,44.4,45120,265000,1520.0,16.7,18.6,3.2,6.8,1.0,,-173.0,6.911752527408124,0.002829883570504528,5.87322695035461
Ealing,1680,0.4238095238095238,0.21369047619047618,0.1375,0.4928571428571429,0.8129285714285714,123.55,348533,130934.0,63.5,45690,388000,900.0,14.3,35.0,3.3,13.4,0.9,,-4100.0,12.830891899735745,0.004820203538832764,8.492011381046181
Enfield,633,0.330173775671406,0.16429699842022116,0.08530805687203792,0.40126382306477093,0.6075355450236967,164.68878357030016,330968,129014.0,41.0,41250,285000,400.0,17.2,21.0,3.0,7.9,1.0,,1091.0,4.9064442618630535,0.0019125716081312997,6.909090909090909
Greenwich,1665,0.4486486486486487,0.16336336336336335,0.11471471471471471,0.5081081081081081,0.886078078078078,138.22282282282282,275868,111783.0,58.8,44370,317000,1150.0,34.2,19.7,3.4,11.6,0.8,,1531.0,14.894930356136442,0.006035495236852408,7.144466982195177
Hackney,6116,0.5428384565075213,0.12279267495094834,0.11886854153041203,0.4370503597122302,0.7025686723348593,75.01586003924133,270912,113537.0,141.1,42690,433000,1260.0,45.4,23.3,4.9,24.1,0.4,,2366.0,53.86790209359064,0.022575596503661706,10.142890606699462
Hammersmith and Fulham,4209,0.6338797814207651,0.3159895462105013,0.2589688762176289,0.5310049893086244,0.958391541933951,112.3791874554526,183354,82513.0,111.8,62910,661000,1360.0,25.9,33.1,4.7,24.0,0.5,,-1971.0,51.01014385611964,0.022955594096665467,10.507073597202353
Haringey,2143,0.4218385440970602,0.12692487167522165,0.10499300046663555,0.4269715352309846,0.789906672888474,96.70041997200187,274803,113582.0,92.7,45860,405000,130.0,33.4,23.9,4.3,15.2,0.6,,1147.0,18.867426176682926,0.007798313701087688,8.831225468818142
Harrow,506,0.3339920948616601,0.2845849802371542,0.10276679841897234,0.4189723320158103,0.6672529644268774,178.04347826086956,250703,91390.0,49.8,49060,370000,410.0,8.9,24.6,2.9,5.1,1.2,,424.0,5.536710799868695,0.0020183244715859003,7.541785568691398
Havering,230,0.40869565217391307,0.22608695652173913,0.11739130434782609,0.4391304347826087,0.682391304347826,175.30434782608697,251611,102954.0,22.3,44430,250000,640.0,17.2,13.8,2.5,9.2,1.2,,2917.0,2.2340074207898675,0.0009141094785204145,5.626828719333783
Hillingdon,607,0.3245469522240527,0.27347611202635913,0.13179571663920922,0.5387149917627677,1.3019275123558485,164.80560131795716,299474,109932.0,25.8,44950,307000,550.0,16.6,28.2,2.4,13.3,1.2,,3170.0,5.521595167921988,0.0020268871421225214,6.829810901001112
Hounslow,1005,0.4616915422885572,0.2228855721393035,0.17213930348258707,0.5014925373134328,0.9383980099502488,139.90049751243782,272102,104474.0,48.9,44490,319950,400.0,19.2,28.3,3.0,15.3,1.0,,-71.0,9.619618278231904,0.0036934678907174514,7.191503708698584
Islington,5156,0.6167571761055082,0.23060512024825447,0.20500387897595035,0.4912723041117145,0.8782757951900699,90.35861132660978,228397,103612.0,153.0,54950,530000,500.0,35.3,25.5,5.7,21.0,0.4,,3553.0,49.76257576342508,0.02257472733880042,9.64513193812557
Kensington and Chelsea,5852,0.8212576896787424,0.46496924128503075,0.4084073820915926,0.5152084757347916,0.8646855775803145,139.5791182501709,158447,79735.0,129.2,116350,1195000,980.0,29.1,33.1,5.8,16.2,0.6,,-521.0,73.39311469241864,0.03693348564504219,10.270734851740439
Kingston upon Thames,551,0.3811252268602541,0.10344827586206896,0.023593466424682397,0.4500907441016334,0.8224682395644283,120.16333938294011,173853,69132.0,46.3,56920,385000,530.0,10.7,22.4,2.9,21.1,1.1,,1948.0,7.970259792860037,0.003169344216090605,6.763879128601546
Lambeth,4807,0.5036405242354899,0.16996047430830039,0.14187643020594964,0.52215519034741,1.0291928437695028,92.62325774911588,325455,142382.0,121.4,48610,420000,1410.0,29.8,34.4,5.0,20.2,0.5,,737.0,33.76129005070866,0.014770091103224716,8.640197490228347
Lewisham,2323,0.4128282393456737,0.13043478260869565,0.09298321136461472,0.4179939733103745,0.703280241067585,102.33491175204477,299817,128966.0,84.7,43360,315000,1470.0,28.1,23.6,4.1,13.1,0.7,,2447.0,18.012499418451377,0.0077480596497196625,7.264760147601476
Merton,1446,0.44744121715076074,0.13623789764868602,0.12309820193637622,0.4094052558782849,0.6204702627939143,116.55601659751038,207141,83446.0,55.7,57160,385000,430.0,16.2,29.3,3.4,19.4,0.9,,-1825.0,17.328571770965652,0.00698075224122699,6.735479356193142
Newham,1964,0.3925661914460285,0.23828920570264767,0.1629327902240326,0.4923625254582485,0.8981822810590632,124.16751527494908,337378,116187.0,93.5,34260,250000,2050.0,31.4,42.5,3.9,7.1,0.6,,984.0,16.903784416500983,0.0058213635743883715,7.297139521307647
Redbridge,686,0.2857142857142857,0.20116618075801748,0.10349854227405247,0.4606413994169096,0.7210204081632653,172.91836734693877,301022,109114.0,53.3,45380,301500,260.0,11.3,24.1,3.0,9.5,1.1,,1781.0,6.287002584452957,0.0022789032030881462,6.643895989422653
Richmond upon Thames,1198,0.5542570951585977,0.1352253756260434,0.10934891485809682,0.48330550918196996,0.8088230383973289,114.04340567612688,196602,84615.0,34.3,76610,535000,240.0,8.7,21.9,3.1,31.7,1.1,,634.0,14.158246173846244,0.006093529058707439,6.983422529695862
Southwark,4886,0.5347932869422841,0.2079410560785919,0.15247646336471551,0.5096193205075726,0.9942488743348341,95.23291035611952,310642,132080.0,108.2,48000,420000,1140.0,37.2,26.4,4.9,15.6,0.5,,672.0,36.99273167777105,0.01572871665776038,8.75
Sutton,280,0.3,0.05,0.04642857142857143,0.5142857142857142,0.8319285714285715,141.94642857142858,201751,84612.0,46.1,49170,285000,430.0,11.6,20.5,2.9,12.5,1.2,,1059.0,3.30922327802203,0.0013878493786895728,5.796217205613178
Tower Hamlets,8024,0.48691425722831505,0.35929710867397807,0.22108673978065801,0.4993768693918245,1.01311814556331,107.00112163509472,297805,120576.0,149.8,45720,383000,920.0,41.6,31.5,5.0,19.3,0.4,,7592.0,66.54723991507431,0.026943805510317154,8.377077865266841
Waltham Forest,1393,0.457286432160804,0.1407035175879397,0.12849964106245512,0.4737975592246949,0.7127063890882986,114.10624551328068,274139,104777.0,71.1,39460,320000,670.0,19.9,30.0,3.6,12.8,0.8,,-977.0,13.29490250722964,0.0050813638336756175,8.109477952356817
Wandsworth,4262,0.5572501173158142,0.18488972313467855,0.16213045518535898,0.4683247301736274,0.7624519005161896,93.99554199906147,318253,136572.0,93.8,66220,532500,1080.0,19.3,31.2,4.3,18.2,0.7,,-2384.0,31.206982397563188,0.013391861192196146,8.04137722742374
Westminster,9411,0.7565614706194879,0.5168419934119647,0.4182339815109978,0.5611518435872914,1.0517405164169589,144.24046328764211,239862,117509.0,110.4,80760,875000,750.0,27.8,43.3,6.5,18.4,0.5,,4886.0,80.08748266090257,0.039235060159591766,10.8345715700842
